Protocollo;Gruppo;DataOraIncidente;Localizzazione1;STRADA1;Localizzazione2;STRADA2;Strada02;Chilometrica;DaSpecificare;NaturaIncidente;particolaritastrade;TipoStrada;FondoStradale;Pavimentazione;Segnaletica;CondizioneAtmosferica;Traffico;Visibilita;Illuminazione;NUM_FERITI;NUM_RISERVATA;NUM_MORTI;NUM_ILLESI;Longitudine;Latitudine;Confermato;Progressivo;TipoVeicolo;StatoVeicolo;TipoPersona;Sesso;Tipolesione;Deceduto;DecedutoDopo;CinturaCascoUtilizzato;Airbag;
4827323;5;02/03/2020 01:00:00;Strada Urbana;VIA TIBURTINA;da specificare;;;;PROSSIMITA' SOTTOPASSO S. GETULLO DIREZIONE TIVOLI;Veicolo in marcia contro ostacolo fisso;Sottopasso illuminato;Una carreggiata a senso unico di marcia;Asciutto;Asfaltata;Verticale ed orizzontale;Sereno;Scarso;Buona;Sufficiente;0;0;0;1;12.6417;41.9414;-1;1;Autovettura privata;In marcia / fermata / arresto;Conducente;M;Illeso;0;;Non accertato;
4827330;4;01/03/2020 13:15:00;Strada Urbana;VIA TERESA BOETTI VALVASSURA;da specificare;;;;PROSSIMIT� VIA GIULIO PASQUATI;Veicolo in marcia contro ostacolo fisso;Rettilineo;Una carreggiata a doppio senso;Asciutto;Asfaltata;Assente;Nuvoloso;Scarso;Buona;Ore Diurne;0;0;0;2;12.5347;41.9611;-1;1;Autovettura privata;In marcia / fermata / arresto;Conducente;M;Illeso;0;;;
4827330;4;01/03/2020 13:15:00;Strada Urbana;VIA TERESA BOETTI VALVASSURA;da specificare;;;;PROSSIMIT� VIA GIULIO PASQUATI;Veicolo in marcia contro ostacolo fisso;Rettilineo;Una carreggiata a doppio senso;Asciutto;Asfaltata;Assente;Nuvoloso;Scarso;Buona;Ore Diurne;0;0;0;2;12.5347;41.9611;-1;1;Autovettura privata;In marcia / fermata / arresto;Passeggero;M;Illeso;0;;;
4827333;7;01/03/2020 18:15:00;Strada Urbana;VIA TOR DE' SCHIAVI;all'intersezione con;VIA DEI FAGGI;VIA DEI FAGGI;;;Scontro frontale/laterale DX fra veicoli in marcia;Intersezione stradale segnalata;Una carreggiata a doppio senso;Bagnato (pioggia);Asfaltata;Verticale ed orizzontale;Pioggia in atto;Scarso;Buona;Ore Diurne;0;0;0;3;12.5629;41.8843;-1;1;Autovettura privata;In marcia / fermata / arresto;Conducente;M;Illeso;0;;;
4827333;7;01/03/2020 18:15:00;Strada Urbana;VIA TOR DE' SCHIAVI;all'intersezione con;VIA DEI FAGGI;VIA DEI FAGGI;;;Scontro frontale/laterale DX fra veicoli in marcia;Intersezione stradale segnalata;Una carreggiata a doppio senso;Bagnato (pioggia);Asfaltata;Verticale ed orizzontale;Pioggia in atto;Scarso;Buona;Ore Diurne;0;0;0;3;12.5629;41.8843;-1;1;Autovettura privata;In marcia / fermata / arresto;Passeggero;F;Illeso;0;;;
4827333;7;01/03/2020 18:15:00;Strada Urbana;VIA TOR DE' SCHIAVI;all'intersezione con;VIA DEI FAGGI;VIA DEI FAGGI;;;Scontro frontale/laterale DX fra veicoli in marcia;Intersezione stradale segnalata;Una carreggiata a doppio senso;Bagnato (pioggia);Asfaltata;Verticale ed orizzontale;Pioggia in atto;Scarso;Buona;Ore Diurne;0;0;0;3;12.5629;41.8843;-1;2;Autovettura privata;In marcia / fermata / arresto;Conducente;M;Illeso;0;;;
4827351;4;01/03/2020 15:35:00;Strada Urbana;VIA VAL D'OSSOLA;all'intersezione con;VIA VALDINIEVOLE;VIA VALDINIEVOLE;;;Scontro frontale/laterale SX fra veicoli in marcia;Incrocio;Due carreggiate;Bagnato (pioggia);Asfaltata;Assente;Pioggia in atto;Normale;Sufficiente;Ore Diurne;0;0;0;5;12.5287;41.9352;-1;1;Autovettura privata;In marcia / fermata / arresto;Conducente;M;Illeso;0;;;
4827351;4;01/03/2020 15:35:00;Strada Urbana;VIA VAL D'OSSOLA;all'intersezione con;VIA VALDINIEVOLE;VIA VALDINIEVOLE;;;Scontro frontale/laterale SX fra veicoli in marcia;Incrocio;Due carreggiate;Bagnato (pioggia);Asfaltata;Assente;Pioggia in atto;Normale;Sufficiente;Ore Diurne;0;0;0;5;12.5287;41.9352;-1;2;Autovettura privata;In marcia / fermata / arresto;Conducente;M;Illeso;0;;;
4827351;4;01/03/2020 15:35:00;Strada Urbana;VIA VAL D'OSSOLA;all'intersezione con;VIA VALDINIEVOLE;VIA VALDINIEVOLE;;;Scontro frontale/laterale SX fra veicoli in marcia;Incrocio;Due carreggiate;Bagnato (pioggia);Asfaltata;Assente;Pioggia in atto;Normale;Sufficiente;Ore Diurne;0;0;0;5;12.5287;41.9352;-1;2;Autovettura privata;In marcia / fermata / arresto;Passeggero;F;Illeso;0;;;
4827351;4;01/03/2020 15:35:00;Strada Urbana;VIA VAL D'OSSOLA;all'intersezione con;VIA VALDINIEVOLE;VIA VALDINIEVOLE;;;Scontro frontale/laterale SX fra veicoli in marcia;Incrocio;Due carreggiate;Bagnato (pioggia);Asfaltata;Assente;Pioggia in atto;Normale;Sufficiente;Ore Diurne;0;0;0;5;12.5287;41.9352;-1;2;Autovettura privata;In marcia / fermata / arresto;Passeggero;F;Illeso;0;;;
4827351;4;01/03/2020 15:35:00;Strada Urbana;VIA VAL D'OSSOLA;all'intersezione con;VIA VALDINIEVOLE;VIA VALDINIEVOLE;;;Scontro frontale/laterale SX fra veicoli in marcia;Incrocio;Due carreggiate;Bagnato (pioggia);Asfaltata;Assente;Pioggia in atto;Normale;Sufficiente;Ore Diurne;0;0;0;5;12.5287;41.9352;-1;2;Autovettura privata;In marcia / fermata / arresto;Passeggero;M;Illeso;0;;;
4827394;2;01/03/2020 23:30:00;Strada Urbana;CORSO DI FRANCIA;da specificare;;;;alt. via Sassi San Giuliano dir. via Flaminia ;Tamponamento;Rettilineo;Due carreggiate;Bagnato (pioggia);Asfaltata;Verticale ed orizzontale;Nuvoloso;Scarso;Buona;Sufficiente;0;0;0;2;12.472;41.9345;-1;1;Autovettura privata;In marcia / fermata / arresto;Conducente;M;Illeso;0;;;
4827394;2;01/03/2020 23:30:00;Strada Urbana;CORSO DI FRANCIA;da specificare;;;;alt. via Sassi San Giuliano dir. via Flaminia ;Tamponamento;Rettilineo;Due carreggiate;Bagnato (pioggia);Asfaltata;Verticale ed orizzontale;Nuvoloso;Scarso;Buona;Sufficiente;0;0;0;2;12.472;41.9345;-1;1;Autovettura privata;In marcia / fermata / arresto;Passeggero;F;Illeso;0;;;
4827395;4;01/03/2020 16:40:00;Strada Urbana;VIA IVANOE BONOMI;da specificare;;;;50 MT prima dell'intersezione con Via Gentiloni;Veicolo in marcia contro veicolo arresto;Curva a visuale libera;Una carreggiata a senso unico di marcia;Bagnato (pioggia);Asfaltata;Assente;Pioggia in atto;Normale;Sufficiente;Ore Diurne;1;0;0;1;12.5223;41.9497;-1;1;Autovettura privata;In marcia / fermata / arresto;Conducente;F;Rifiuta cure immediate;0;NON DECEDUTO;Non accertato;Inesploso
4827395;4;01/03/2020 16:40:00;Strada Urbana;VIA IVANOE BONOMI;da specificare;;;;50 MT prima dell'intersezione con Via Gentiloni;Veicolo in marcia contro veicolo arresto;Curva a visuale libera;Una carreggiata a senso unico di marcia;Bagnato (pioggia);Asfaltata;Assente;Pioggia in atto;Normale;Sufficiente;Ore Diurne;1;0;0;1;12.5223;41.9497;-1;2;Autovettura privata;In marcia / fermata / arresto;Conducente;M;Illeso;0;;;
4827395;4;01/03/2020 16:40:00;Strada Urbana;VIA IVANOE BONOMI;da specificare;;;;50 MT prima dell'intersezione con Via Gentiloni;Veicolo in marcia contro veicolo arresto;Curva a visuale libera;Una carreggiata a senso unico di marcia;Bagnato (pioggia);Asfaltata;Assente;Pioggia in atto;Normale;Sufficiente;Ore Diurne;1;0;0;1;12.5223;41.9497;-1;3;Autovettura privata;Sosta;;;;;;;
4827395;4;01/03/2020 16:40:00;Strada Urbana;VIA IVANOE BONOMI;da specificare;;;;50 MT prima dell'intersezione con Via Gentiloni;Veicolo in marcia contro veicolo arresto;Curva a visuale libera;Una carreggiata a senso unico di marcia;Bagnato (pioggia);Asfaltata;Assente;Pioggia in atto;Normale;Sufficiente;Ore Diurne;1;0;0;1;12.5223;41.9497;-1;4;Autovettura privata;Sosta;;;;;;;
4827395;4;01/03/2020 16:40:00;Strada Urbana;VIA IVANOE BONOMI;da specificare;;;;50 MT prima dell'intersezione con Via Gentiloni;Veicolo in marcia contro veicolo arresto;Curva a visuale libera;Una carreggiata a senso unico di marcia;Bagnato (pioggia);Asfaltata;Assente;Pioggia in atto;Normale;Sufficiente;Ore Diurne;1;0;0;1;12.5223;41.9497;-1;5;Autovettura privata;Sosta;;;;;;;
4827395;4;01/03/2020 16:40:00;Strada Urbana;VIA IVANOE BONOMI;da specificare;;;;50 MT prima dell'intersezione con Via Gentiloni;Veicolo in marcia contro veicolo arresto;Curva a visuale libera;Una carreggiata a senso unico di marcia;Bagnato (pioggia);Asfaltata;Assente;Pioggia in atto;Normale;Sufficiente;Ore Diurne;1;0;0;1;12.5223;41.9497;-1;6;Autovettura privata;Sosta;;;;;;;
4827448;1;01/03/2020 19:00:00;Strada Urbana;VIA CAVOUR;in corrispondenza;;del civico n.;184;;Veicolo in marcia contro veicolo in sosta;Rettilineo;Una carreggiata a doppio senso;Bagnato (pioggia);Asfaltata;Verticale ed orizzontale;Nuvoloso;Scarso;Sufficiente;Sufficiente;0;0;0;1;12.4948;41.8962;-1;1;Autovettura privata;In marcia / fermata / arresto;Conducente;M;Illeso;0;;;
4827448;1;01/03/2020 19:00:00;Strada Urbana;VIA CAVOUR;in corrispondenza;;del civico n.;184;;Veicolo in marcia contro veicolo in sosta;Rettilineo;Una carreggiata a doppio senso;Bagnato (pioggia);Asfaltata;Verticale ed orizzontale;Nuvoloso;Scarso;Sufficiente;Sufficiente;0;0;0;1;12.4948;41.8962;-1;2;Autovettura privata;Sosta;;;;;;;
4827454;4;01/03/2020 19:00:00;Strada Urbana;VIA DELLE VIGNE NUOVE;in prossimit�;;del civico n.;551;;Veicolo in marcia contro ostacolo fisso;Curva a visuale libera;Due carreggiate;Bagnato (pioggia);Asfaltata;Verticale ed orizzontale;Nuvoloso;Scarso;Buona;Sufficiente;1;0;0;1;12.5355;41.9596;-1;1;Autovettura privata;In marcia / fermata / arresto;Conducente;M;Rimandato;0;NON DECEDUTO;;
4827454;4;01/03/2020 19:00:00;Strada Urbana;VIA DELLE VIGNE NUOVE;in prossimit�;;del civico n.;551;;Veicolo in marcia contro ostacolo fisso;Curva a visuale libera;Due carreggiate;Bagnato (pioggia);Asfaltata;Verticale ed orizzontale;Nuvoloso;Scarso;Buona;Sufficiente;1;0;0;1;12.5355;41.9596;-1;1;Autovettura privata;In marcia / fermata / arresto;Passeggero;M;Illeso;0;;;
4827472;1;02/03/2020 05:30:00;Strada Urbana;VIA DANDOLO;all'intersezione con;VIA NICOLA FABRIZI;VIA NICOLA FABRIZI;;;Scontro frontale/laterale SX fra veicoli in marcia;Incrocio;Una carreggiata a doppio senso;Asciutto;Asfaltata;Verticale ed orizzontale;Sereno;Scarso;Sufficiente;Sufficiente;0;0;0;4;12.4652;41.8866;-1;1;Autovettura privata;In marcia / fermata / arresto;Conducente;M;Illeso;0;;Non accertato;Inesploso
4827472;1;02/03/2020 05:30:00;Strada Urbana;VIA DANDOLO;all'intersezione con;VIA NICOLA FABRIZI;VIA NICOLA FABRIZI;;;Scontro frontale/laterale SX fra veicoli in marcia;Incrocio;Una carreggiata a doppio senso;Asciutto;Asfaltata;Verticale ed orizzontale;Sereno;Scarso;Sufficiente;Sufficiente;0;0;0;4;12.4652;41.8866;-1;1;Autovettura privata;In marcia / fermata / arresto;Passeggero;F;Illeso;0;;Non accertato;Inesploso
4827472;1;02/03/2020 05:30:00;Strada Urbana;VIA DANDOLO;all'intersezione con;VIA NICOLA FABRIZI;VIA NICOLA FABRIZI;;;Scontro frontale/laterale SX fra veicoli in marcia;Incrocio;Una carreggiata a doppio senso;Asciutto;Asfaltata;Verticale ed orizzontale;Sereno;Scarso;Sufficiente;Sufficiente;0;0;0;4;12.4652;41.8866;-1;2;Autocarro inferiore 35 q.;In marcia / fermata / arresto;Conducente;M;Illeso;0;;Non accertato;Inesploso
4827517;1;01/03/2020 22:50:00;Strada Urbana;VIA DEI CERCHI;in prossimit�;;del civico n.;fronte 89;;Tamponamento;Rettilineo;Una carreggiata a senso unico di marcia;Bagnato (umidit� in atto);In cubetti di porfido;Orizzontale;Nuvoloso;Scarso;Sufficiente;Sufficiente;1;0;0;2;12.4845;41.8875;-1;1;Motociclo a solo;In marcia / fermata / arresto;Conducente;M;Rimandato;0;NON DECEDUTO;Non accertato;
4827517;1;01/03/2020 22:50:00;Strada Urbana;VIA DEI CERCHI;in prossimit�;;del civico n.;fronte 89;;Tamponamento;Rettilineo;Una carreggiata a senso unico di marcia;Bagnato (umidit� in atto);In cubetti di porfido;Orizzontale;Nuvoloso;Scarso;Sufficiente;Sufficiente;1;0;0;2;12.4845;41.8875;-1;2;Autovettura privata;In marcia / fermata / arresto;Conducente;M;Illeso;0;;Non accertato;Inesploso
4827517;1;01/03/2020 22:50:00;Strada Urbana;VIA DEI CERCHI;in prossimit�;;del civico n.;fronte 89;;Tamponamento;Rettilineo;Una carreggiata a senso unico di marcia;Bagnato (umidit� in atto);In cubetti di porfido;Orizzontale;Nuvoloso;Scarso;Sufficiente;Sufficiente;1;0;0;2;12.4845;41.8875;-1;2;Autovettura privata;In marcia / fermata / arresto;Passeggero;F;Illeso;0;;Non accertato;Inesploso
4827522;9;02/03/2020 09:30:00;Strada Urbana;VIA TUSCOLANA;in corrispondenza;;del palo luce n.;115;;Scontro laterale fra veicoli in marcia;Rettilineo;Due carreggiate;Asciutto;Asfaltata;Assente;Nuvoloso;Normale;Buona;Ore Diurne;1;0;0;0;;;0;1;Autobus turistico;Allontanatosi;;;;;;;
4827522;9;02/03/2020 09:30:00;Strada Urbana;VIA TUSCOLANA;in corrispondenza;;del palo luce n.;115;;Scontro laterale fra veicoli in marcia;Rettilineo;Due carreggiate;Asciutto;Asfaltata;Assente;Nuvoloso;Normale;Buona;Ore Diurne;1;0;0;0;;;0;2;Motociclo a solo;In marcia / fermata / arresto;Conducente;M;Rimandato;0;NON DECEDUTO;;
4827577;18;02/03/2020 10:15:00;Strada Urbana;VIA LEONE XIII;in corrispondenza;;del civico n.;331;;Tamponamento;Rettilineo;Due carreggiate;Asciutto;Asfaltata;Verticale ed orizzontale;Nuvoloso;Normale;Buona;Ore Diurne;0;0;0;2;12.4383;41.8911;-1;1;Autovettura privata;In marcia / fermata / arresto;Conducente;F;Illeso;0;;Non accertato;Inesploso
4827577;18;02/03/2020 10:15:00;Strada Urbana;VIA LEONE XIII;in corrispondenza;;del civico n.;331;;Tamponamento;Rettilineo;Due carreggiate;Asciutto;Asfaltata;Verticale ed orizzontale;Nuvoloso;Normale;Buona;Ore Diurne;0;0;0;2;12.4383;41.8911;-1;2;Autovettura privata;In marcia / fermata / arresto;Conducente;F;Illeso;0;;Non accertato;Inesploso
4827684;17;01/03/2020 22:00:00;Strada Urbana;VIA DEL MASCHERINO;all'intersezione con;PIAZZA DEL RISORGIMENTO;PIAZZA DEL RISORGIMENTO;;;Scontro frontale/laterale DX fra veicoli in marcia;Intersezione stradale segnalata;Una carreggiata a senso unico di marcia;Bagnato (pioggia);Asfaltata;Verticale ed orizzontale;Nuvoloso;Scarso;Sufficiente;Sufficiente;1;0;0;1;12.4589;41.9057;0;1;Autovettura pubblica;In marcia / fermata / arresto;Conducente;M;Illeso;0;;;
4827684;17;01/03/2020 22:00:00;Strada Urbana;VIA DEL MASCHERINO;all'intersezione con;PIAZZA DEL RISORGIMENTO;PIAZZA DEL RISORGIMENTO;;;Scontro frontale/laterale DX fra veicoli in marcia;Intersezione stradale segnalata;Una carreggiata a senso unico di marcia;Bagnato (pioggia);Asfaltata;Verticale ed orizzontale;Nuvoloso;Scarso;Sufficiente;Sufficiente;1;0;0;1;12.4589;41.9057;0;2;Velocipede;In marcia / fermata / arresto;Conducente;M;Rimandato;0;NON DECEDUTO;Esente;
4827691;3;01/03/2020 11:50:00;Strada Urbana;VIA ALFONSO BORELLI;in corrispondenza;;del civico n.;17;;Veicolo in marcia contro veicolo in sosta;Rettilineo;Una carreggiata a doppio senso;Asciutto;Asfaltata;Verticale ed orizzontale;Sereno;Normale;Buona;Ore Diurne;0;0;0;0;12.5165;41.9066;-1;1;Autovettura privata;Sosta;;;;;;;
4827691;3;01/03/2020 11:50:00;Strada Urbana;VIA ALFONSO BORELLI;in corrispondenza;;del civico n.;17;;Veicolo in marcia contro veicolo in sosta;Rettilineo;Una carreggiata a doppio senso;Asciutto;Asfaltata;Verticale ed orizzontale;Sereno;Normale;Buona;Ore Diurne;0;0;0;0;12.5165;41.9066;-1;2;Autovettura privata;Allontanatosi;;;;;;;
4827743;9;02/03/2020 10:40:00;;PIAZZA DI PONTE LUNGO;da specificare;;;;fronte civico 32;Veicolo in marcia contro ostacolo fisso;;;;;;;;;;0;0;0;0;12.519;41.8774;0;1;Autovettura privata;In marcia / fermata / arresto;;;;;;;
4827788;9;02/03/2020 12:40:00;Strada Urbana;VIA APPIA NUOVA;da specificare;;;;altezza VIA GENZANO;Investimento di pedone;Rettilineo;Due carreggiate;Asciutto;Asfaltata;Assente;Nuvoloso;Scarso;Buona;Ore Diurne;0;0;0;2;;;0;;;;Pedone;M;Illeso;0;;;
4827788;9;02/03/2020 12:40:00;Strada Urbana;VIA APPIA NUOVA;da specificare;;;;altezza VIA GENZANO;Investimento di pedone;Rettilineo;Due carreggiate;Asciutto;Asfaltata;Assente;Nuvoloso;Scarso;Buona;Ore Diurne;0;0;0;2;;;0;1;Autovettura privata;In marcia / fermata / arresto;Conducente;M;Illeso;0;;Non accertato;Inesploso
4827810;19;02/03/2020 08:10:00;Strada Urbana;VIA DI CASAL DEL MARMO;in prossimit�;;del civico n.;401;;Tamponamento Multiplo;Rettilineo;Una carreggiata a doppio senso;Asciutto;Asfaltata;Orizzontale;Nuvoloso;Normale;Buona;Ore Diurne;0;0;0;3;12.3818;41.9331;-1;1;Autovettura privata;In marcia / fermata / arresto;Conducente;M;Illeso;0;;;
4827810;19;02/03/2020 08:10:00;Strada Urbana;VIA DI CASAL DEL MARMO;in prossimit�;;del civico n.;401;;Tamponamento Multiplo;Rettilineo;Una carreggiata a doppio senso;Asciutto;Asfaltata;Orizzontale;Nuvoloso;Normale;Buona;Ore Diurne;0;0;0;3;12.3818;41.9331;-1;2;Autovettura privata;In marcia / fermata / arresto;Conducente;F;Illeso;0;;;
4827810;19;02/03/2020 08:10:00;Strada Urbana;VIA DI CASAL DEL MARMO;in prossimit�;;del civico n.;401;;Tamponamento Multiplo;Rettilineo;Una carreggiata a doppio senso;Asciutto;Asfaltata;Orizzontale;Nuvoloso;Normale;Buona;Ore Diurne;0;0;0;3;12.3818;41.9331;-1;3;Autovettura privata;In marcia / fermata / arresto;Conducente;M;Illeso;0;;;
4827836;19;02/03/2020 07:30:00;Strada Urbana;PIAZZA ALFONSO CAPECELATRO;all'intersezione con;VIA PIETRO MAFFI;VIA PIETRO MAFFI;;;Tamponamento;Incrocio;Una carreggiata a senso unico di marcia;Asciutto;Asfaltata;Verticale ed orizzontale;Nuvoloso;Intenso;Buona;Ore Diurne;0;0;0;2;12.4159;41.9208;-1;1;Autovettura privata;In marcia / fermata / arresto;Conducente;M;Illeso;0;;;
4827836;19;02/03/2020 07:30:00;Strada Urbana;PIAZZA ALFONSO CAPECELATRO;all'intersezione con;VIA PIETRO MAFFI;VIA PIETRO MAFFI;;;Tamponamento;Incrocio;Una carreggiata a senso unico di marcia;Asciutto;Asfaltata;Verticale ed orizzontale;Nuvoloso;Intenso;Buona;Ore Diurne;0;0;0;2;12.4159;41.9208;-1;2;Autovettura privata;In marcia / fermata / arresto;Conducente;M;Illeso;0;;;
4827923;12;02/03/2020 08:45:00;Strada Urbana;VIADOTTO DELLA MAGLIANA;da specificare;;;;rampa di accesso provenienza I. Newton/RM Fium.;Scontro laterale fra veicoli in marcia;Rettilineo;Una carreggiata a senso unico di marcia;Asciutto;Asfaltata;Verticale ed orizzontale;Nuvoloso;Intenso;Buona;Ore Diurne;0;0;0;2;12.4633;41.8419;-1;1;Autovettura privata;In marcia / fermata / arresto;Conducente;M;Illeso;0;;Utilizzato;Inesploso
4827923;12;02/03/2020 08:45:00;Strada Urbana;VIADOTTO DELLA MAGLIANA;da specificare;;;;rampa di accesso provenienza I. Newton/RM Fium.;Scontro laterale fra veicoli in marcia;Rettilineo;Una carreggiata a senso unico di marcia;Asciutto;Asfaltata;Verticale ed orizzontale;Nuvoloso;Intenso;Buona;Ore Diurne;0;0;0;2;12.4633;41.8419;-1;2;Autovettura privata;In marcia / fermata / arresto;Conducente;M;Illeso;0;;Utilizzato;Inesploso
4827952;12;02/03/2020 11:40:00;Strada Urbana;VIALE DEGLI EROI DI CEFALONIA;da specificare;;;;alt. civ. 111-117 alt rampa da caduti per la resis;Scontro frontale/laterale DX fra veicoli in marcia;Rettilineo;Due carreggiate;Asciutto;Lastricata;Verticale ed orizzontale;Nuvoloso;Normale;Buona;Ore Diurne;0;0;0;2;12.4363;41.7837;-1;1;Autovettura privata;In marcia / fermata / arresto;Conducente;F;Illeso;0;;Utilizzato;Inesploso
4827952;12;02/03/2020 11:40:00;Strada Urbana;VIALE DEGLI EROI DI CEFALONIA;da specificare;;;;alt. civ. 111-117 alt rampa da caduti per la resis;Scontro frontale/laterale DX fra veicoli in marcia;Rettilineo;Due carreggiate;Asciutto;Lastricata;Verticale ed orizzontale;Nuvoloso;Normale;Buona;Ore Diurne;0;0;0;2;12.4363;41.7837;-1;2;Autovettura privata;In marcia / fermata / arresto;Conducente;M;Illeso;0;;Utilizzato;Inesploso
4827965;12;01/03/2020 22:10:00;Strada Urbana;VIALE DELL'UMANESIMO;all'intersezione con;VIALE DELL'ESPERANTO;VIALE DELL'ESPERANTO;;;Scontro frontale/laterale DX fra veicoli in marcia;Incrocio;Una carreggiata a doppio senso;Asciutto;Asfaltata;Verticale ed orizzontale;Nuvoloso;Scarso;Buona;Sufficiente;0;0;0;4;12.4699;41.8231;-1;1;Autovettura privata;In marcia / fermata / arresto;Conducente;M;Illeso;0;;Non accertato;Inesploso
4827965;12;01/03/2020 22:10:00;Strada Urbana;VIALE DELL'UMANESIMO;all'intersezione con;VIALE DELL'ESPERANTO;VIALE DELL'ESPERANTO;;;Scontro frontale/laterale DX fra veicoli in marcia;Incrocio;Una carreggiata a doppio senso;Asciutto;Asfaltata;Verticale ed orizzontale;Nuvoloso;Scarso;Buona;Sufficiente;0;0;0;4;12.4699;41.8231;-1;1;Autovettura privata;In marcia / fermata / arresto;Passeggero;F;Illeso;0;;Non accertato;Esploso
4827965;12;01/03/2020 22:10:00;Strada Urbana;VIALE DELL'UMANESIMO;all'intersezione con;VIALE DELL'ESPERANTO;VIALE DELL'ESPERANTO;;;Scontro frontale/laterale DX fra veicoli in marcia;Incrocio;Una carreggiata a doppio senso;Asciutto;Asfaltata;Verticale ed orizzontale;Nuvoloso;Scarso;Buona;Sufficiente;0;0;0;4;12.4699;41.8231;-1;2;Autovettura privata;In marcia / fermata / arresto;Conducente;M;Illeso;0;;Utilizzato;Inesploso
4827965;12;01/03/2020 22:10:00;Strada Urbana;VIALE DELL'UMANESIMO;all'intersezione con;VIALE DELL'ESPERANTO;VIALE DELL'ESPERANTO;;;Scontro frontale/laterale DX fra veicoli in marcia;Incrocio;Una carreggiata a doppio senso;Asciutto;Asfaltata;Verticale ed orizzontale;Nuvoloso;Scarso;Buona;Sufficiente;0;0;0;4;12.4699;41.8231;-1;2;Autovettura privata;In marcia / fermata / arresto;Passeggero;M;Illeso;0;;Utilizzato;Inesploso
4827995;12;02/03/2020 10:20:00;Strada Urbana;VIA DI ACQUA ACETOSA OSTIENSE;all'intersezione con;VIA PONTINA;VIA PONTINA;;;Scontro laterale fra veicoli in marcia;Incrocio;Una carreggiata a doppio senso;Asciutto;Asfaltata;Verticale ed orizzontale;Nuvoloso;Normale;Buona;Ore Diurne;1;0;0;2;12.4571;41.8067;-1;1;Autovettura privata;In marcia / fermata / arresto;Conducente;F;Illeso;0;;;
4827995;12;02/03/2020 10:20:00;Strada Urbana;VIA DI ACQUA ACETOSA OSTIENSE;all'intersezione con;VIA PONTINA;VIA PONTINA;;;Scontro laterale fra veicoli in marcia;Incrocio;Una carreggiata a doppio senso;Asciutto;Asfaltata;Verticale ed orizzontale;Nuvoloso;Normale;Buona;Ore Diurne;1;0;0;2;12.4571;41.8067;-1;2;Autovettura privata;In marcia / fermata / arresto;Conducente;M;Illeso;0;;;
4827995;12;02/03/2020 10:20:00;Strada Urbana;VIA DI ACQUA ACETOSA OSTIENSE;all'intersezione con;VIA PONTINA;VIA PONTINA;;;Scontro laterale fra veicoli in marcia;Incrocio;Una carreggiata a doppio senso;Asciutto;Asfaltata;Verticale ed orizzontale;Nuvoloso;Normale;Buona;Ore Diurne;1;0;0;2;12.4571;41.8067;-1;3;Motociclo a solo;In marcia / fermata / arresto;Conducente;M;Rimandato;0;NON DECEDUTO;;
4828010;20;02/03/2020 14:20:00;Strada Urbana;VIALE DI TOR DI QUINTO;da specificare;;;;Dir. GRA alt. palo Acea n� 90;Tamponamento Multiplo;Rettilineo;Due carreggiate;Bagnato (pioggia);Asfaltata;Orizzontale;Pioggia in atto;Normale;Buona;Ore Diurne;0;0;0;5;12.4785;41.9447;-1;1;Autovettura privata;In marcia / fermata / arresto;Conducente;M;Illeso;0;;Non accertato;Inesploso
4828010;20;02/03/2020 14:20:00;Strada Urbana;VIALE DI TOR DI QUINTO;da specificare;;;;Dir. GRA alt. palo Acea n� 90;Tamponamento Multiplo;Rettilineo;Due carreggiate;Bagnato (pioggia);Asfaltata;Orizzontale;Pioggia in atto;Normale;Buona;Ore Diurne;0;0;0;5;12.4785;41.9447;-1;1;Autovettura privata;In marcia / fermata / arresto;Passeggero;M;Illeso;0;;Non accertato;Inesploso
4828010;20;02/03/2020 14:20:00;Strada Urbana;VIALE DI TOR DI QUINTO;da specificare;;;;Dir. GRA alt. palo Acea n� 90;Tamponamento Multiplo;Rettilineo;Due carreggiate;Bagnato (pioggia);Asfaltata;Orizzontale;Pioggia in atto;Normale;Buona;Ore Diurne;0;0;0;5;12.4785;41.9447;-1;2;Autovettura privata;In marcia / fermata / arresto;Conducente;M;Illeso;0;;Non accertato;Inesploso
4828010;20;02/03/2020 14:20:00;Strada Urbana;VIALE DI TOR DI QUINTO;da specificare;;;;Dir. GRA alt. palo Acea n� 90;Tamponamento Multiplo;Rettilineo;Due carreggiate;Bagnato (pioggia);Asfaltata;Orizzontale;Pioggia in atto;Normale;Buona;Ore Diurne;0;0;0;5;12.4785;41.9447;-1;3;Autovettura privata;In marcia / fermata / arresto;Conducente;F;Illeso;0;;Non accertato;Inesploso
4828010;20;02/03/2020 14:20:00;Strada Urbana;VIALE DI TOR DI QUINTO;da specificare;;;;Dir. GRA alt. palo Acea n� 90;Tamponamento Multiplo;Rettilineo;Due carreggiate;Bagnato (pioggia);Asfaltata;Orizzontale;Pioggia in atto;Normale;Buona;Ore Diurne;0;0;0;5;12.4785;41.9447;-1;4;Autovettura privata;In marcia / fermata / arresto;Conducente;M;Illeso;0;;Non accertato;Inesploso