Protocollo;Gruppo;DataOraIncidente;Localizzazione1;STRADA1;Localizzazione2;STRADA2;Strada02;Chilometrica;DaSpecificare;NaturaIncidente;particolaritastrade;TipoStrada;FondoStradale;Pavimentazione;Segnaletica;CondizioneAtmosferica;Traffico;Visibilita;Illuminazione;NUM_FERITI;NUM_RISERVATA;NUM_MORTI;NUM_ILLESI;Longitudine;Latitudine;Confermato;Progressivo;TipoVeicolo;StatoVeicolo;TipoPersona;Sesso;Tipolesione;Deceduto;DecedutoDopo;CinturaCascoUtilizzato;Airbag;
4828788;9;02/03/2020 18:35:00;Strada Urbana;VIA TUSCOLANA;all'intersezione con;VIA DI PORTA FURBA;VIA DI PORTA FURBA;;;Scontro frontale fra veicoli in marcia;Intersezione semaforizzata;Due carreggiate;Bagnato (pioggia);Asfaltata;Verticale ed orizzontale;Pioggia in atto;Intenso;Sufficiente;Sufficiente;0;0;0;2;12.5437;41.8656;-1;2;Autovettura privata;In marcia / fermata / arresto;Conducente;F;Illeso;0;;Non accertato;Inesploso
4828817;10;03/03/2020 06:30:00;Statale entro l'abitato;VIA APPIA NUOVA;in corrispondenza;;del civico n.;1206/a;;Tamponamento;Rettilineo;Due carreggiate;Asciutto;Asfaltata;Verticale ed orizzontale;Nuvoloso;Normale;Sufficiente;Sufficiente;0;0;0;2;12.56;41.8262;-1;1;Autovettura privata;In marcia / fermata / arresto;Conducente;M;Illeso;0;;Non accertato;Inesploso
4828817;10;03/03/2020 06:30:00;Statale entro l'abitato;VIA APPIA NUOVA;in corrispondenza;;del civico n.;1206/a;;Tamponamento;Rettilineo;Due carreggiate;Asciutto;Asfaltata;Verticale ed orizzontale;Nuvoloso;Normale;Sufficiente;Sufficiente;0;0;0;2;12.56;41.8262;-1;2;Autovettura privata;In marcia / fermata / arresto;Conducente;M;Illeso;0;;Non accertato;Inesploso
4828831;1;02/03/2020 19:10:00;Strada Urbana;VIA COLOMBA ANTONIETTI;all'intersezione con;LUNGOTEVERE RAFFAELLO SANZIO;LUNGOTEVERE RAFFAELLO SANZIO;;;Tamponamento;Intersezione stradale segnalata;Una carreggiata a senso unico di marcia;Bagnato (pioggia);Asfaltata;Verticale ed orizzontale;Pioggia in atto;Scarso;Sufficiente;Sufficiente;0;0;0;2;12.4719;41.8908;0;1;Autovettura privata;In marcia / fermata / arresto;Conducente;F;Illeso;0;;;
4828831;1;02/03/2020 19:10:00;Strada Urbana;VIA COLOMBA ANTONIETTI;all'intersezione con;LUNGOTEVERE RAFFAELLO SANZIO;LUNGOTEVERE RAFFAELLO SANZIO;;;Tamponamento;Intersezione stradale segnalata;Una carreggiata a senso unico di marcia;Bagnato (pioggia);Asfaltata;Verticale ed orizzontale;Pioggia in atto;Scarso;Sufficiente;Sufficiente;0;0;0;2;12.4719;41.8908;0;2;Autovettura privata;In marcia / fermata / arresto;Conducente;M;Illeso;0;;;
4828841;7;02/03/2020 13:30:00;Strada Urbana;VIA TOR DE' SCHIAVI;all'intersezione con;VIA DELLE PALME;VIA DELLE PALME;;;Scontro laterale fra veicoli in marcia;Incrocio;Due carreggiate;Asciutto;Asfaltata;Verticale ed orizzontale;Nuvoloso;Normale;Buona;Ore Diurne;0;0;0;3;12.5614;41.8886;-1;1;Autovettura privata;In marcia / fermata / arresto;Conducente;M;Illeso;0;;Non accertato;Inesploso
4828841;7;02/03/2020 13:30:00;Strada Urbana;VIA TOR DE' SCHIAVI;all'intersezione con;VIA DELLE PALME;VIA DELLE PALME;;;Scontro laterale fra veicoli in marcia;Incrocio;Due carreggiate;Asciutto;Asfaltata;Verticale ed orizzontale;Nuvoloso;Normale;Buona;Ore Diurne;0;0;0;3;12.5614;41.8886;-1;1;Autovettura privata;In marcia / fermata / arresto;Passeggero;M;Illeso;0;;Non accertato;Inesploso
4828841;7;02/03/2020 13:30:00;Strada Urbana;VIA TOR DE' SCHIAVI;all'intersezione con;VIA DELLE PALME;VIA DELLE PALME;;;Scontro laterale fra veicoli in marcia;Incrocio;Due carreggiate;Asciutto;Asfaltata;Verticale ed orizzontale;Nuvoloso;Normale;Buona;Ore Diurne;0;0;0;3;12.5614;41.8886;-1;2;Autovettura privata;In marcia / fermata / arresto;Conducente;M;Illeso;0;;Non accertato;Inesploso
4828846;8;02/03/2020 07:45:00;Strada Urbana;VIA PRENESTINA NUOVA;in corrispondenza;;del civico n.;1255;;Tamponamento;Rettilineo;Una carreggiata a doppio senso;Asciutto;Asfaltata;Verticale;Sereno;Normale;Buona;Ore Diurne;3;0;0;1;12.6324;41.8929;-1;1;Autovettura privata;In marcia / fermata / arresto;Conducente;M;Illeso;0;;Non accertato;Inesploso
4828846;8;02/03/2020 07:45:00;Strada Urbana;VIA PRENESTINA NUOVA;in corrispondenza;;del civico n.;1255;;Tamponamento;Rettilineo;Una carreggiata a doppio senso;Asciutto;Asfaltata;Verticale;Sereno;Normale;Buona;Ore Diurne;3;0;0;1;12.6324;41.8929;-1;2;Autovettura privata;In marcia / fermata / arresto;Conducente;F;Rifiuta cure immediate;0;NON DECEDUTO;Non accertato;Inesploso
4828846;8;02/03/2020 07:45:00;Strada Urbana;VIA PRENESTINA NUOVA;in corrispondenza;;del civico n.;1255;;Tamponamento;Rettilineo;Una carreggiata a doppio senso;Asciutto;Asfaltata;Verticale;Sereno;Normale;Buona;Ore Diurne;3;0;0;1;12.6324;41.8929;-1;2;Autovettura privata;In marcia / fermata / arresto;Passeggero;F;Rifiuta cure immediate;0;NON DECEDUTO;Non utilizzato;Inesploso
4828846;8;02/03/2020 07:45:00;Strada Urbana;VIA PRENESTINA NUOVA;in corrispondenza;;del civico n.;1255;;Tamponamento;Rettilineo;Una carreggiata a doppio senso;Asciutto;Asfaltata;Verticale;Sereno;Normale;Buona;Ore Diurne;3;0;0;1;12.6324;41.8929;-1;2;Autovettura privata;In marcia / fermata / arresto;Passeggero;F;Rifiuta cure immediate;0;NON DECEDUTO;Non utilizzato;Inesploso
4828849;8;02/03/2020 16:15:00;Strada Urbana;VIA LUIGI RUSSOLO;da specificare;;;;a 70 mt prima dell'inters. con via MARIO SOLDATI;Scontro laterale fra veicoli in marcia;Curva a visuale libera;Una carreggiata a doppio senso;Bagnato (pioggia);Asfaltata;Orizzontale;Pioggia in atto;Normale;Buona;Ore Diurne;0;0;0;2;12.6182;41.9115;-1;1;Autovettura privata;In marcia / fermata / arresto;Conducente;M;Illeso;0;;;
4828849;8;02/03/2020 16:15:00;Strada Urbana;VIA LUIGI RUSSOLO;da specificare;;;;a 70 mt prima dell'inters. con via MARIO SOLDATI;Scontro laterale fra veicoli in marcia;Curva a visuale libera;Una carreggiata a doppio senso;Bagnato (pioggia);Asfaltata;Orizzontale;Pioggia in atto;Normale;Buona;Ore Diurne;0;0;0;2;12.6182;41.9115;-1;2;Trattore stradale;In marcia / fermata / arresto;Conducente;M;Illeso;0;;;
4828853;8;02/03/2020 08:00:00;Statale entro l'abitato;VIA CASILINA;in corrispondenza;;del civico n.;1342;;Tamponamento;Rettilineo;Una carreggiata a doppio senso;Asciutto;Asfaltata;Verticale ed orizzontale;Sereno;Normale;Buona;Ore Diurne;1;0;0;1;12.6107;41.8637;-1;1;Autovettura privata;In marcia / fermata / arresto;Conducente;F;Rifiuta cure immediate;0;NON DECEDUTO;Non accertato;Inesploso
4828853;8;02/03/2020 08:00:00;Statale entro l'abitato;VIA CASILINA;in corrispondenza;;del civico n.;1342;;Tamponamento;Rettilineo;Una carreggiata a doppio senso;Asciutto;Asfaltata;Verticale ed orizzontale;Sereno;Normale;Buona;Ore Diurne;1;0;0;1;12.6107;41.8637;-1;1;Autovettura privata;In marcia / fermata / arresto;Passeggero;M;Illeso;0;;Non accertato;Inesploso
4828853;8;02/03/2020 08:00:00;Statale entro l'abitato;VIA CASILINA;in corrispondenza;;del civico n.;1342;;Tamponamento;Rettilineo;Una carreggiata a doppio senso;Asciutto;Asfaltata;Verticale ed orizzontale;Sereno;Normale;Buona;Ore Diurne;1;0;0;1;12.6107;41.8637;-1;2;Autovettura privata;Allontanatosi;;;;;;;
4828855;20;02/03/2020 15:30:00;Strada Urbana;VIA DEL LABARO;all'intersezione con;VIA BELLAGIO;VIA BELLAGIO;;;Scontro laterale fra veicoli in marcia;Incrocio;Una carreggiata a doppio senso;Bagnato (pioggia);Asfaltata;Verticale ed orizzontale;Pioggia in atto;Normale;Buona;Ore Diurne;0;0;0;2;12.4914;41.9899;-1;1;Autovettura privata;In marcia / fermata / arresto;Conducente;M;Illeso;0;;Non accertato;
4828855;20;02/03/2020 15:30:00;Strada Urbana;VIA DEL LABARO;all'intersezione con;VIA BELLAGIO;VIA BELLAGIO;;;Scontro laterale fra veicoli in marcia;Incrocio;Una carreggiata a doppio senso;Bagnato (pioggia);Asfaltata;Verticale ed orizzontale;Pioggia in atto;Normale;Buona;Ore Diurne;0;0;0;2;12.4914;41.9899;-1;2;Autovettura privata;In marcia / fermata / arresto;Conducente;F;Illeso;0;;Non accertato;
4828858;8;02/03/2020 19:20:00;Strada Urbana;VIA LUCIANO CONTI;in prossimit�;;del civico n.;20;;Veicolo in marcia contro ostacolo accidentale;Rettilineo;Una carreggiata a doppio senso;Bagnato (pioggia);Asfaltata;Assente;Pioggia in atto;Scarso;Sufficiente;Sufficiente;0;0;0;1;12.6591;41.9065;0;1;Autovettura privata;In marcia / fermata / arresto;Conducente;M;Illeso;0;;;
4828861;8;02/03/2020 21:00:00;Strada Urbana;VIA VARVARIANA;in prossimit�;;del civico n.;16;;Veicolo in marcia contro ostacolo accidentale;Rettilineo;Una carreggiata a senso unico di marcia;Bagnato (pioggia);Asfaltata;Verticale;Pioggia in atto;Scarso;Buona;Sufficiente;0;0;0;2;12.6027;41.8644;-1;1;Autovettura privata;In marcia / fermata / arresto;Conducente;F;Illeso;0;;;
4828861;8;02/03/2020 21:00:00;Strada Urbana;VIA VARVARIANA;in prossimit�;;del civico n.;16;;Veicolo in marcia contro ostacolo accidentale;Rettilineo;Una carreggiata a senso unico di marcia;Bagnato (pioggia);Asfaltata;Verticale;Pioggia in atto;Scarso;Buona;Sufficiente;0;0;0;2;12.6027;41.8644;-1;1;Autovettura privata;In marcia / fermata / arresto;Passeggero;M;Illeso;0;;;
4828863;8;02/03/2020 19:00:00;Strada Urbana;VIA PRENESTINA;in prossimit�;;del civico n.;1089;;Scontro laterale fra veicoli in marcia;Rettilineo;Una carreggiata a doppio senso;Bagnato (pioggia);Asfaltata;Verticale ed orizzontale;Pioggia in atto;Normale;Buona;Sufficiente;0;0;0;3;12.6174;41.8933;-1;1;Autovettura privata;In marcia / fermata / arresto;Conducente;M;Illeso;0;;Non accertato;
4828863;8;02/03/2020 19:00:00;Strada Urbana;VIA PRENESTINA;in prossimit�;;del civico n.;1089;;Scontro laterale fra veicoli in marcia;Rettilineo;Una carreggiata a doppio senso;Bagnato (pioggia);Asfaltata;Verticale ed orizzontale;Pioggia in atto;Normale;Buona;Sufficiente;0;0;0;3;12.6174;41.8933;-1;1;Autovettura privata;In marcia / fermata / arresto;Passeggero;M;Illeso;0;;Non accertato;Inesploso
4828863;8;02/03/2020 19:00:00;Strada Urbana;VIA PRENESTINA;in prossimit�;;del civico n.;1089;;Scontro laterale fra veicoli in marcia;Rettilineo;Una carreggiata a doppio senso;Bagnato (pioggia);Asfaltata;Verticale ed orizzontale;Pioggia in atto;Normale;Buona;Sufficiente;0;0;0;3;12.6174;41.8933;-1;2;Autoarticolato;In marcia / fermata / arresto;Conducente;M;Illeso;0;;Non accertato;Inesploso
4828873;8;02/03/2020 17:22:00;Strada Urbana;VIA DEI COLOMBI;in corrispondenza;;del civico n.;160;;Scontro laterale fra veicoli in marcia;Rettilineo;Una carreggiata a senso unico di marcia;Bagnato (pioggia);Asfaltata;Verticale ed orizzontale;Pioggia in atto;Normale;Sufficiente;;0;0;0;3;12.5947;41.8735;-1;1;Autovettura privata;In marcia / fermata / arresto;Conducente;M;Illeso;0;;;Inesploso
4828873;8;02/03/2020 17:22:00;Strada Urbana;VIA DEI COLOMBI;in corrispondenza;;del civico n.;160;;Scontro laterale fra veicoli in marcia;Rettilineo;Una carreggiata a senso unico di marcia;Bagnato (pioggia);Asfaltata;Verticale ed orizzontale;Pioggia in atto;Normale;Sufficiente;;0;0;0;3;12.5947;41.8735;-1;1;Autovettura privata;In marcia / fermata / arresto;Passeggero;F;Illeso;0;;;
4828873;8;02/03/2020 17:22:00;Strada Urbana;VIA DEI COLOMBI;in corrispondenza;;del civico n.;160;;Scontro laterale fra veicoli in marcia;Rettilineo;Una carreggiata a senso unico di marcia;Bagnato (pioggia);Asfaltata;Verticale ed orizzontale;Pioggia in atto;Normale;Sufficiente;;0;0;0;3;12.5947;41.8735;-1;2;Autobus urbano;In marcia / fermata / arresto;Conducente;M;Illeso;0;;;
4828875;8;02/03/2020 17:30:00;Strada Urbana;VIA DI ROCCA CENCIA;all'intersezione con;VIA PRENESTINA;VIA PRENESTINA;;;Scontro frontale/laterale SX fra veicoli in marcia;Incrocio;Una carreggiata a doppio senso;Bagnato (pioggia);Asfaltata;Orizzontale;Pioggia in atto;Normale;Buona;;0;0;0;1;12.6919;41.8758;-1;1;Autovettura privata;In marcia / fermata / arresto;Conducente;M;Illeso;0;;;
4828875;8;02/03/2020 17:30:00;Strada Urbana;VIA DI ROCCA CENCIA;all'intersezione con;VIA PRENESTINA;VIA PRENESTINA;;;Scontro frontale/laterale SX fra veicoli in marcia;Incrocio;Una carreggiata a doppio senso;Bagnato (pioggia);Asfaltata;Orizzontale;Pioggia in atto;Normale;Buona;;0;0;0;1;12.6919;41.8758;-1;2;Autovettura privata;In marcia / fermata / arresto;;;;;;;
4828894;6;02/03/2020 16:55:00;Strada Urbana;VIA DI TOR PIGNATTARA;in prossimit�;;del civico n.;124;;Veicolo in marcia contro veicolo fermo;Rettilineo;Due carreggiate;Bagnato (pioggia);Asfaltata;Verticale;Pioggia in atto;Intenso;Buona;Ore Diurne;0;0;0;3;12.5416;41.8771;-1;1;Autovettura privata;In marcia / fermata / arresto;Conducente;F;Illeso;0;;;
4828894;6;02/03/2020 16:55:00;Strada Urbana;VIA DI TOR PIGNATTARA;in prossimit�;;del civico n.;124;;Veicolo in marcia contro veicolo fermo;Rettilineo;Due carreggiate;Bagnato (pioggia);Asfaltata;Verticale;Pioggia in atto;Intenso;Buona;Ore Diurne;0;0;0;3;12.5416;41.8771;-1;1;Autovettura privata;In marcia / fermata / arresto;Passeggero;M;Illeso;0;;;
4828894;6;02/03/2020 16:55:00;Strada Urbana;VIA DI TOR PIGNATTARA;in prossimit�;;del civico n.;124;;Veicolo in marcia contro veicolo fermo;Rettilineo;Due carreggiate;Bagnato (pioggia);Asfaltata;Verticale;Pioggia in atto;Intenso;Buona;Ore Diurne;0;0;0;3;12.5416;41.8771;-1;2;Autobus di linea;In marcia / fermata / arresto;Conducente;M;Illeso;0;;;
4828895;5;02/03/2020 09:30:00;Strada Urbana;VIA TIVOLI;in prossimit�;;del civico n.;21;;Veicolo in marcia contro veicoli in sosta;Rettilineo;Una carreggiata a doppio senso;Asciutto;Asfaltata;Assente;Nuvoloso;Scarso;Buona;Ore Diurne;0;0;0;0;12.5902;41.932;-1;1;Autovettura privata;Sosta;;;;;;;
4828895;5;02/03/2020 09:30:00;Strada Urbana;VIA TIVOLI;in prossimit�;;del civico n.;21;;Veicolo in marcia contro veicoli in sosta;Rettilineo;Una carreggiata a doppio senso;Asciutto;Asfaltata;Assente;Nuvoloso;Scarso;Buona;Ore Diurne;0;0;0;0;12.5902;41.932;-1;2;Autovettura privata;Sosta;;;;;;;
4828895;5;02/03/2020 09:30:00;Strada Urbana;VIA TIVOLI;in prossimit�;;del civico n.;21;;Veicolo in marcia contro veicoli in sosta;Rettilineo;Una carreggiata a doppio senso;Asciutto;Asfaltata;Assente;Nuvoloso;Scarso;Buona;Ore Diurne;0;0;0;0;12.5902;41.932;-1;3;Autocarro inferiore 35 q.;Allontanatosi;;;;;;;
4828899;4;02/03/2020 15:35:00;Provinciale entro l'abitato;VIA NOMENTANA;all'intersezione con;VIA MONTE ROSA;VIA MONTE ROSA;;;Scontro frontale/laterale SX fra veicoli in marcia;Intersezione stradale segnalata;Una carreggiata a doppio senso;Bagnato (pioggia);Asfaltata;Assente;Pioggia in atto;Normale;Buona;Ore Diurne;1;0;0;1;12.5728;41.9579;-1;1;Autovettura privata;In marcia / fermata / arresto;Conducente;F;Illeso;0;;Non accertato;
4828899;4;02/03/2020 15:35:00;Provinciale entro l'abitato;VIA NOMENTANA;all'intersezione con;VIA MONTE ROSA;VIA MONTE ROSA;;;Scontro frontale/laterale SX fra veicoli in marcia;Intersezione stradale segnalata;Una carreggiata a doppio senso;Bagnato (pioggia);Asfaltata;Assente;Pioggia in atto;Normale;Buona;Ore Diurne;1;0;0;1;12.5728;41.9579;-1;2;Motociclo a solo;In marcia / fermata / arresto;Conducente;M;Rimandato;0;NON DECEDUTO;Non accertato;
4828914;5;02/03/2020 12:35:00;Strada Urbana;VIA DEL BADILE;all'intersezione con;LARGO DEL BADILE;LARGO DEL BADILE;;;Scontro frontale/laterale SX fra veicoli in marcia;Incrocio;Due carreggiate;Asciutto;Asfaltata;Verticale ed orizzontale;Sereno;Normale;Buona;Ore Diurne;2;0;0;1;12.5622;41.9133;-1;1;Autovettura privata;In marcia / fermata / arresto;Conducente;M;Illeso;0;;Non accertato;
4828914;5;02/03/2020 12:35:00;Strada Urbana;VIA DEL BADILE;all'intersezione con;LARGO DEL BADILE;LARGO DEL BADILE;;;Scontro frontale/laterale SX fra veicoli in marcia;Incrocio;Due carreggiate;Asciutto;Asfaltata;Verticale ed orizzontale;Sereno;Normale;Buona;Ore Diurne;2;0;0;1;12.5622;41.9133;-1;2;Autovettura privata;In marcia / fermata / arresto;Conducente;M;Rimandato;0;NON DECEDUTO;Non accertato;
4828914;5;02/03/2020 12:35:00;Strada Urbana;VIA DEL BADILE;all'intersezione con;LARGO DEL BADILE;LARGO DEL BADILE;;;Scontro frontale/laterale SX fra veicoli in marcia;Incrocio;Due carreggiate;Asciutto;Asfaltata;Verticale ed orizzontale;Sereno;Normale;Buona;Ore Diurne;2;0;0;1;12.5622;41.9133;-1;2;Autovettura privata;In marcia / fermata / arresto;Passeggero;M;Rimandato;0;NON DECEDUTO;Non accertato;
4828914;5;02/03/2020 12:35:00;Strada Urbana;VIA DEL BADILE;all'intersezione con;LARGO DEL BADILE;LARGO DEL BADILE;;;Scontro frontale/laterale SX fra veicoli in marcia;Incrocio;Due carreggiate;Asciutto;Asfaltata;Verticale ed orizzontale;Sereno;Normale;Buona;Ore Diurne;2;0;0;1;12.5622;41.9133;-1;3;Autovettura privata;Sosta;;;;;;;
4828914;5;02/03/2020 12:35:00;Strada Urbana;VIA DEL BADILE;all'intersezione con;LARGO DEL BADILE;LARGO DEL BADILE;;;Scontro frontale/laterale SX fra veicoli in marcia;Incrocio;Due carreggiate;Asciutto;Asfaltata;Verticale ed orizzontale;Sereno;Normale;Buona;Ore Diurne;2;0;0;1;12.5622;41.9133;-1;4;Autovettura privata;Sosta;;;;;;;
4828914;5;02/03/2020 12:35:00;Strada Urbana;VIA DEL BADILE;all'intersezione con;LARGO DEL BADILE;LARGO DEL BADILE;;;Scontro frontale/laterale SX fra veicoli in marcia;Incrocio;Due carreggiate;Asciutto;Asfaltata;Verticale ed orizzontale;Sereno;Normale;Buona;Ore Diurne;2;0;0;1;12.5622;41.9133;-1;5;Autovettura privata;Sosta;;;;;;;
4828919;1;03/03/2020 04:30:00;Strada Urbana;VIA PRINCIPE AMEDEO;in corrispondenza;;del civico n.;325;;Veicolo in marcia contro veicoli in sosta;Rettilineo;Una carreggiata a senso unico di marcia;Bagnato (umidit� in atto);Asfaltata;Verticale ed orizzontale;Nuvoloso;Scarso;Sufficiente;Sufficiente;1;0;0;0;12.5074;41.8946;-1;1;Autovettura privata;In marcia / fermata / arresto;Conducente;M;Rifiuta cure immediate;0;NON DECEDUTO;Non accertato;
4828919;1;03/03/2020 04:30:00;Strada Urbana;VIA PRINCIPE AMEDEO;in corrispondenza;;del civico n.;325;;Veicolo in marcia contro veicoli in sosta;Rettilineo;Una carreggiata a senso unico di marcia;Bagnato (umidit� in atto);Asfaltata;Verticale ed orizzontale;Nuvoloso;Scarso;Sufficiente;Sufficiente;1;0;0;0;12.5074;41.8946;-1;2;Autovettura privata;Sosta;;;;;;;
4828919;1;03/03/2020 04:30:00;Strada Urbana;VIA PRINCIPE AMEDEO;in corrispondenza;;del civico n.;325;;Veicolo in marcia contro veicoli in sosta;Rettilineo;Una carreggiata a senso unico di marcia;Bagnato (umidit� in atto);Asfaltata;Verticale ed orizzontale;Nuvoloso;Scarso;Sufficiente;Sufficiente;1;0;0;0;12.5074;41.8946;-1;3;Autovettura privata;Sosta;;;;;;;
4828919;1;03/03/2020 04:30:00;Strada Urbana;VIA PRINCIPE AMEDEO;in corrispondenza;;del civico n.;325;;Veicolo in marcia contro veicoli in sosta;Rettilineo;Una carreggiata a senso unico di marcia;Bagnato (umidit� in atto);Asfaltata;Verticale ed orizzontale;Nuvoloso;Scarso;Sufficiente;Sufficiente;1;0;0;0;12.5074;41.8946;-1;4;Autovettura privata;Sosta;;;;;;;
4828920;6;03/03/2020 07:30:00;Statale entro l'abitato;VIA CASILINA;all'intersezione semaforizzata con;PIAZZA DEL PIGNETO;PIAZZA DEL PIGNETO;;;Scontro laterale fra veicoli in marcia;Intersezione semaforizzata;Due carreggiate;Asciutto;Asfaltata;Verticale ed orizzontale;Nuvoloso;Intenso;Buona;Ore Diurne;0;0;0;2;12.5229;41.889;-1;1;Autovettura privata;In marcia / fermata / arresto;Conducente;M;Illeso;0;;Non accertato;Inesploso
4828920;6;03/03/2020 07:30:00;Statale entro l'abitato;VIA CASILINA;all'intersezione semaforizzata con;PIAZZA DEL PIGNETO;PIAZZA DEL PIGNETO;;;Scontro laterale fra veicoli in marcia;Intersezione semaforizzata;Due carreggiate;Asciutto;Asfaltata;Verticale ed orizzontale;Nuvoloso;Intenso;Buona;Ore Diurne;0;0;0;2;12.5229;41.889;-1;2;Autovettura privata;In marcia / fermata / arresto;Conducente;M;Illeso;0;;Non accertato;Inesploso
4828921;15;02/03/2020 18:15:00;Strada Urbana;VIA PORTUENSE;all'intersezione con;VIA SENORBI;VIA SENORBI;;;Scontro frontale/laterale DX fra veicoli in marcia;Intersezione non regolata/non segnalata;Una carreggiata a doppio senso;Bagnato (pioggia);Asfaltata;Verticale ed orizzontale;Pioggia in atto;Scarso;Buona;Sufficiente;2;0;0;1;12.414;41.8469;-1;1;Autovettura privata;In marcia / fermata / arresto;Conducente;M;Illeso;0;;Non accertato;Inesploso
4828921;15;02/03/2020 18:15:00;Strada Urbana;VIA PORTUENSE;all'intersezione con;VIA SENORBI;VIA SENORBI;;;Scontro frontale/laterale DX fra veicoli in marcia;Intersezione non regolata/non segnalata;Una carreggiata a doppio senso;Bagnato (pioggia);Asfaltata;Verticale ed orizzontale;Pioggia in atto;Scarso;Buona;Sufficiente;2;0;0;1;12.414;41.8469;-1;2;Autovettura privata;In marcia / fermata / arresto;Conducente;M;Rimandato;0;NON DECEDUTO;Non accertato;Inesploso
4828921;15;02/03/2020 18:15:00;Strada Urbana;VIA PORTUENSE;all'intersezione con;VIA SENORBI;VIA SENORBI;;;Scontro frontale/laterale DX fra veicoli in marcia;Intersezione non regolata/non segnalata;Una carreggiata a doppio senso;Bagnato (pioggia);Asfaltata;Verticale ed orizzontale;Pioggia in atto;Scarso;Buona;Sufficiente;2;0;0;1;12.414;41.8469;-1;2;Autovettura privata;In marcia / fermata / arresto;Passeggero;M;Rimandato;0;NON DECEDUTO;Non accertato;Inesploso
4828934;4;02/03/2020 18:05:00;Strada Urbana;VIA NOMENTANA;all'intersezione semaforizzata con;VIALE TIRRENO;VIALE TIRRENO;;;Veicolo in marcia contro veicolo fermo;Intersezione stradale segnalata;Una carreggiata a doppio senso;Bagnato (pioggia);Asfaltata;Verticale ed orizzontale;Pioggia in atto;Normale;Buona;Sufficiente;0;0;0;3;12.5728;41.9579;-1;1;Autovettura privata;In marcia / fermata / arresto;Conducente;M;Illeso;0;;Non accertato;
4828934;4;02/03/2020 18:05:00;Strada Urbana;VIA NOMENTANA;all'intersezione semaforizzata con;VIALE TIRRENO;VIALE TIRRENO;;;Veicolo in marcia contro veicolo fermo;Intersezione stradale segnalata;Una carreggiata a doppio senso;Bagnato (pioggia);Asfaltata;Verticale ed orizzontale;Pioggia in atto;Normale;Buona;Sufficiente;0;0;0;3;12.5728;41.9579;-1;2;Autovettura privata;In marcia / fermata / arresto;Conducente;M;Illeso;0;;Non accertato;
4828934;4;02/03/2020 18:05:00;Strada Urbana;VIA NOMENTANA;all'intersezione semaforizzata con;VIALE TIRRENO;VIALE TIRRENO;;;Veicolo in marcia contro veicolo fermo;Intersezione stradale segnalata;Una carreggiata a doppio senso;Bagnato (pioggia);Asfaltata;Verticale ed orizzontale;Pioggia in atto;Normale;Buona;Sufficiente;0;0;0;3;12.5728;41.9579;-1;2;Autovettura privata;In marcia / fermata / arresto;Passeggero;M;Illeso;0;;Non accertato;
4828938;12;02/03/2020 14:25:00;Strada Urbana;VIA BRUNO BRANDELLERO;all'intersezione con;VIA EDMONDO BRUNO ARNAUD;VIA EDMONDO BRUNO ARNAUD;;;Scontro frontale/laterale SX fra veicoli in marcia;Incrocio;Una carreggiata a doppio senso;Bagnato (pioggia);Asfaltata;Verticale ed orizzontale;Nuvoloso;Normale;Buona;Ore Diurne;0;0;0;4;12.4497;41.804;-1;1;Autovettura privata;In marcia / fermata / arresto;Conducente;F;Illeso;0;;Utilizzato;Inesploso
4828938;12;02/03/2020 14:25:00;Strada Urbana;VIA BRUNO BRANDELLERO;all'intersezione con;VIA EDMONDO BRUNO ARNAUD;VIA EDMONDO BRUNO ARNAUD;;;Scontro frontale/laterale SX fra veicoli in marcia;Incrocio;Una carreggiata a doppio senso;Bagnato (pioggia);Asfaltata;Verticale ed orizzontale;Nuvoloso;Normale;Buona;Ore Diurne;0;0;0;4;12.4497;41.804;-1;1;Autovettura privata;In marcia / fermata / arresto;Passeggero;M;Illeso;0;;Utilizzato;Inesploso
4828938;12;02/03/2020 14:25:00;Strada Urbana;VIA BRUNO BRANDELLERO;all'intersezione con;VIA EDMONDO BRUNO ARNAUD;VIA EDMONDO BRUNO ARNAUD;;;Scontro frontale/laterale SX fra veicoli in marcia;Incrocio;Una carreggiata a doppio senso;Bagnato (pioggia);Asfaltata;Verticale ed orizzontale;Nuvoloso;Normale;Buona;Ore Diurne;0;0;0;4;12.4497;41.804;-1;2;Autovettura privata;In marcia / fermata / arresto;Conducente;M;Illeso;0;;Non accertato;Inesploso
4828938;12;02/03/2020 14:25:00;Strada Urbana;VIA BRUNO BRANDELLERO;all'intersezione con;VIA EDMONDO BRUNO ARNAUD;VIA EDMONDO BRUNO ARNAUD;;;Scontro frontale/laterale SX fra veicoli in marcia;Incrocio;Una carreggiata a doppio senso;Bagnato (pioggia);Asfaltata;Verticale ed orizzontale;Nuvoloso;Normale;Buona;Ore Diurne;0;0;0;4;12.4497;41.804;-1;2;Autovettura privata;In marcia / fermata / arresto;Passeggero;M;Illeso;0;;;