Protocollo;Gruppo;DataOraIncidente;Localizzazione1;STRADA1;Localizzazione2;STRADA2;Strada02;Chilometrica;DaSpecificare;NaturaIncidente;particolaritastrade;TipoStrada;FondoStradale;Pavimentazione;Segnaletica;CondizioneAtmosferica;Traffico;Visibilita;Illuminazione;NUM_FERITI;NUM_RISERVATA;NUM_MORTI;NUM_ILLESI;Longitudine;Latitudine;Confermato;Progressivo;TipoVeicolo;StatoVeicolo;TipoPersona;Sesso;Tipolesione;Deceduto;DecedutoDopo;CinturaCascoUtilizzato;Airbag;
4832710;1;04/03/2020 23:40:00;Strada Urbana;LUNGOTEVERE ARNALDO DA BRESCIA;all'intersezione semaforizzata con;PONTE REGINA MARGHERITA;PONTE REGINA MARGHERITA;;;Scontro frontale/laterale SX fra veicoli in marcia;Intersezione semaforizzata;Una carreggiata a doppio senso;Asciutto;Asfaltata;Verticale ed orizzontale;Sereno;Scarso;Buona;Sufficiente;1;0;0;2;12.4731;41.9099;-1;2;Motociclo a solo;In marcia / fermata / arresto;Conducente;M;Ricoverato;0;NON DECEDUTO;Non accertato;
4832725;12;04/03/2020 14:20:00;Strada Urbana;VIALE DELLA MUSICA;all'intersezione con;VIALE DELLA SCULTURA;VIALE DELLA SCULTURA;;;Scontro frontale/laterale SX fra veicoli in marcia;Intersezione stradale segnalata;Una carreggiata a doppio senso;Asciutto;Asfaltata;Verticale ed orizzontale;Sereno;Normale;Buona;Ore Diurne;1;0;0;1;12.4795;41.8326;-1;1;Autovettura privata;In marcia / fermata / arresto;Conducente;F;Illeso;0;;Non accertato;Inesploso
4832725;12;04/03/2020 14:20:00;Strada Urbana;VIALE DELLA MUSICA;all'intersezione con;VIALE DELLA SCULTURA;VIALE DELLA SCULTURA;;;Scontro frontale/laterale SX fra veicoli in marcia;Intersezione stradale segnalata;Una carreggiata a doppio senso;Asciutto;Asfaltata;Verticale ed orizzontale;Sereno;Normale;Buona;Ore Diurne;1;0;0;1;12.4795;41.8326;-1;2;Motociclo a solo;In marcia / fermata / arresto;Conducente;M;Rimandato;0;NON DECEDUTO;Non accertato;
4832732;17;04/03/2020 14:15:00;Strada Urbana;VIA TERENZIO;in corrispondenza;;del civico n.;11;;Veicolo in marcia contro veicolo fermo;Rettilineo;Una carreggiata a senso unico di marcia;Asciutto;Asfaltata;Verticale ed orizzontale;Sereno;Normale;Buona;Ore Diurne;0;0;0;4;12.463;41.9071;-1;1;Autovettura privata;In marcia / fermata / arresto;Conducente;M;Illeso;0;;;
4832732;17;04/03/2020 14:15:00;Strada Urbana;VIA TERENZIO;in corrispondenza;;del civico n.;11;;Veicolo in marcia contro veicolo fermo;Rettilineo;Una carreggiata a senso unico di marcia;Asciutto;Asfaltata;Verticale ed orizzontale;Sereno;Normale;Buona;Ore Diurne;0;0;0;4;12.463;41.9071;-1;1;Autovettura privata;In marcia / fermata / arresto;Passeggero;F;Illeso;0;;;
4832732;17;04/03/2020 14:15:00;Strada Urbana;VIA TERENZIO;in corrispondenza;;del civico n.;11;;Veicolo in marcia contro veicolo fermo;Rettilineo;Una carreggiata a senso unico di marcia;Asciutto;Asfaltata;Verticale ed orizzontale;Sereno;Normale;Buona;Ore Diurne;0;0;0;4;12.463;41.9071;-1;2;Motociclo con passeggero;In marcia / fermata / arresto;Conducente;M;Illeso;0;;;
4832732;17;04/03/2020 14:15:00;Strada Urbana;VIA TERENZIO;in corrispondenza;;del civico n.;11;;Veicolo in marcia contro veicolo fermo;Rettilineo;Una carreggiata a senso unico di marcia;Asciutto;Asfaltata;Verticale ed orizzontale;Sereno;Normale;Buona;Ore Diurne;0;0;0;4;12.463;41.9071;-1;2;Motociclo con passeggero;In marcia / fermata / arresto;Passeggero;M;Illeso;0;;;
4832736;16;04/03/2020 12:05:00;Strada Urbana;VIALE DEI QUATTRO VENTI;in prossimit�;;del civico n.;267;;Tamponamento Multiplo;Rettilineo;Una carreggiata a doppio senso;Asciutto;Asfaltata;Verticale ed orizzontale;Sereno;Normale;Buona;Ore Diurne;0;0;0;4;12.4579;41.8739;-1;1;Autovettura privata;In marcia / fermata / arresto;Conducente;F;Illeso;0;;Non accertato;
4832736;16;04/03/2020 12:05:00;Strada Urbana;VIALE DEI QUATTRO VENTI;in prossimit�;;del civico n.;267;;Tamponamento Multiplo;Rettilineo;Una carreggiata a doppio senso;Asciutto;Asfaltata;Verticale ed orizzontale;Sereno;Normale;Buona;Ore Diurne;0;0;0;4;12.4579;41.8739;-1;2;Autovettura privata;In marcia / fermata / arresto;Conducente;F;Illeso;0;;Non accertato;
4832736;16;04/03/2020 12:05:00;Strada Urbana;VIALE DEI QUATTRO VENTI;in prossimit�;;del civico n.;267;;Tamponamento Multiplo;Rettilineo;Una carreggiata a doppio senso;Asciutto;Asfaltata;Verticale ed orizzontale;Sereno;Normale;Buona;Ore Diurne;0;0;0;4;12.4579;41.8739;-1;3;Autovettura privata;In marcia / fermata / arresto;Conducente;M;Illeso;0;;Non accertato;
4832736;16;04/03/2020 12:05:00;Strada Urbana;VIALE DEI QUATTRO VENTI;in prossimit�;;del civico n.;267;;Tamponamento Multiplo;Rettilineo;Una carreggiata a doppio senso;Asciutto;Asfaltata;Verticale ed orizzontale;Sereno;Normale;Buona;Ore Diurne;0;0;0;4;12.4579;41.8739;-1;3;Autovettura privata;In marcia / fermata / arresto;Passeggero;M;Illeso;0;;Non accertato;
4832778;16;04/03/2020 16:35:00;Strada Urbana;VIALE DELLE MURA GIANICOLENSI;all'intersezione con;VIA LUIGI MERCANTINI;VIA LUIGI MERCANTINI;;;Scontro laterale fra veicoli in marcia;Incrocio;Una carreggiata a senso unico di marcia;Asciutto;Asfaltata;Verticale ed orizzontale;Sereno;Normale;Buona;Ore Diurne;0;0;0;3;12.4619;41.8856;-1;1;Autovettura privata;In marcia / fermata / arresto;Conducente;F;Illeso;0;;Non accertato;Inesploso
4832778;16;04/03/2020 16:35:00;Strada Urbana;VIALE DELLE MURA GIANICOLENSI;all'intersezione con;VIA LUIGI MERCANTINI;VIA LUIGI MERCANTINI;;;Scontro laterale fra veicoli in marcia;Incrocio;Una carreggiata a senso unico di marcia;Asciutto;Asfaltata;Verticale ed orizzontale;Sereno;Normale;Buona;Ore Diurne;0;0;0;3;12.4619;41.8856;-1;2;Autovettura privata;In marcia / fermata / arresto;Conducente;M;Illeso;0;;Non accertato;Inesploso
4832778;16;04/03/2020 16:35:00;Strada Urbana;VIALE DELLE MURA GIANICOLENSI;all'intersezione con;VIA LUIGI MERCANTINI;VIA LUIGI MERCANTINI;;;Scontro laterale fra veicoli in marcia;Incrocio;Una carreggiata a senso unico di marcia;Asciutto;Asfaltata;Verticale ed orizzontale;Sereno;Normale;Buona;Ore Diurne;0;0;0;3;12.4619;41.8856;-1;2;Autovettura privata;In marcia / fermata / arresto;Passeggero;F;Illeso;0;;Non accertato;Inesploso
4832787;12;04/03/2020 08:10:00;Strada Urbana;VIA LAURENTINA;in prossimit�;;del civico n.;610;;Scontro laterale fra veicoli in marcia;Rettilineo;Una carreggiata a senso unico alternato;Asciutto;Asfaltata;Verticale ed orizzontale;Sereno;Intenso;Buona;Ore Diurne;0;0;0;2;12.4795;41.8227;-1;1;Autovettura privata;In marcia / fermata / arresto;Conducente;F;Illeso;0;;Non accertato;Inesploso
4832787;12;04/03/2020 08:10:00;Strada Urbana;VIA LAURENTINA;in prossimit�;;del civico n.;610;;Scontro laterale fra veicoli in marcia;Rettilineo;Una carreggiata a senso unico alternato;Asciutto;Asfaltata;Verticale ed orizzontale;Sereno;Intenso;Buona;Ore Diurne;0;0;0;2;12.4795;41.8227;-1;2;Autovettura privata;In marcia / fermata / arresto;Conducente;F;Illeso;0;;Non accertato;Inesploso
4832825;1;03/03/2020 16:30:00;Strada Urbana;PIAZZA VITTORIO EMANUELE II;in corrispondenza;;del civico n.;121;;Infortunio per caduta del veicolo;Rettilineo;Una carreggiata a doppio senso;Bagnato (pioggia);Asfaltata;Verticale ed orizzontale;Nuvoloso;Normale;Sufficiente;Ore Diurne;1;0;0;0;12.5029;41.8943;-1;1;Motociclo a solo;In marcia / fermata / arresto;Conducente;F;Ricoverato;0;NON DECEDUTO;;
4832839;16;04/03/2020 16:50:00;Strada Urbana;VIA ISABELLA D'ESTE;in prossimit�;;del civico n.;16;;Veicolo in marcia contro veicoli in sosta;Rettilineo;Una carreggiata a doppio senso;Asciutto;Asfaltata;Orizzontale;Sereno;Normale;Buona;Ore Diurne;1;0;0;3;12.4252;41.8775;-1;1;Autovettura privata;In marcia / fermata / arresto;Conducente;F;Rimandato;0;NON DECEDUTO;Non accertato;
4832839;16;04/03/2020 16:50:00;Strada Urbana;VIA ISABELLA D'ESTE;in prossimit�;;del civico n.;16;;Veicolo in marcia contro veicoli in sosta;Rettilineo;Una carreggiata a doppio senso;Asciutto;Asfaltata;Orizzontale;Sereno;Normale;Buona;Ore Diurne;1;0;0;3;12.4252;41.8775;-1;1;Autovettura privata;In marcia / fermata / arresto;Passeggero;F;Illeso;0;;Non accertato;
4832839;16;04/03/2020 16:50:00;Strada Urbana;VIA ISABELLA D'ESTE;in prossimit�;;del civico n.;16;;Veicolo in marcia contro veicoli in sosta;Rettilineo;Una carreggiata a doppio senso;Asciutto;Asfaltata;Orizzontale;Sereno;Normale;Buona;Ore Diurne;1;0;0;3;12.4252;41.8775;-1;1;Autovettura privata;In marcia / fermata / arresto;Passeggero;M;Illeso;0;;Non accertato;
4832839;16;04/03/2020 16:50:00;Strada Urbana;VIA ISABELLA D'ESTE;in prossimit�;;del civico n.;16;;Veicolo in marcia contro veicoli in sosta;Rettilineo;Una carreggiata a doppio senso;Asciutto;Asfaltata;Orizzontale;Sereno;Normale;Buona;Ore Diurne;1;0;0;3;12.4252;41.8775;-1;1;Autovettura privata;In marcia / fermata / arresto;Passeggero;M;Illeso;0;;Non accertato;
4832839;16;04/03/2020 16:50:00;Strada Urbana;VIA ISABELLA D'ESTE;in prossimit�;;del civico n.;16;;Veicolo in marcia contro veicoli in sosta;Rettilineo;Una carreggiata a doppio senso;Asciutto;Asfaltata;Orizzontale;Sereno;Normale;Buona;Ore Diurne;1;0;0;3;12.4252;41.8775;-1;2;Autovettura privata;Sosta;;;;;;;
4832839;16;04/03/2020 16:50:00;Strada Urbana;VIA ISABELLA D'ESTE;in prossimit�;;del civico n.;16;;Veicolo in marcia contro veicoli in sosta;Rettilineo;Una carreggiata a doppio senso;Asciutto;Asfaltata;Orizzontale;Sereno;Normale;Buona;Ore Diurne;1;0;0;3;12.4252;41.8775;-1;3;Autovettura privata;Sosta;;;;;;;
4832861;20;05/03/2020 09:00:00;Strada Urbana;VIA FLAMINIA NUOVA;in prossimit�;;della chilometrica;7.2;;Infortunio per sola frenata improvvisa;Rettilineo;Una carreggiata a doppio senso;Asciutto;Asfaltata;Orizzontale;Nuvoloso;Normale;Buona;Ore Diurne;1;0;0;0;12.4792;41.9609;-1;1;Motociclo a solo;In marcia / fermata / arresto;Conducente;M;Rimandato;0;NON DECEDUTO;Non accertato;
4832870;2;05/03/2020 00:35:00;Strada Urbana;VIALE DEL MURO TORTO;da specificare;;;;in prossimit� palo luce 1, direzione P. Brasile;Veicolo in marcia contro ostacolo fisso;Curva a visuale libera;Due carreggiate;Asciutto;Asfaltata;Verticale ed orizzontale;Sereno;Normale;Buona;;1;0;0;0;12.4808;41.9129;-1;1;Motociclo a solo;In marcia / fermata / arresto;Conducente;M;Rimandato;0;NON DECEDUTO;;
4832873;2;04/03/2020 19:20:00;Strada Urbana;LUNGOTEVERE GRANDE A.GLIO THAON DI REVEL;in corrispondenza;;del civico n.;1;;Tamponamento Multiplo;Rettilineo;Due carreggiate;Asciutto;Asfaltata;Verticale ed orizzontale;Sereno;Normale;Buona;Ore Diurne;0;0;0;5;12.464;41.9326;-1;1;Autovettura privata;In marcia / fermata / arresto;Conducente;F;Illeso;0;;Non accertato;Inesploso
4832873;2;04/03/2020 19:20:00;Strada Urbana;LUNGOTEVERE GRANDE A.GLIO THAON DI REVEL;in corrispondenza;;del civico n.;1;;Tamponamento Multiplo;Rettilineo;Due carreggiate;Asciutto;Asfaltata;Verticale ed orizzontale;Sereno;Normale;Buona;Ore Diurne;0;0;0;5;12.464;41.9326;-1;1;Autovettura privata;In marcia / fermata / arresto;Passeggero;F;Illeso;0;;Non accertato;Inesploso
4832873;2;04/03/2020 19:20:00;Strada Urbana;LUNGOTEVERE GRANDE A.GLIO THAON DI REVEL;in corrispondenza;;del civico n.;1;;Tamponamento Multiplo;Rettilineo;Due carreggiate;Asciutto;Asfaltata;Verticale ed orizzontale;Sereno;Normale;Buona;Ore Diurne;0;0;0;5;12.464;41.9326;-1;1;Autovettura privata;In marcia / fermata / arresto;Passeggero;M;Illeso;0;;Non accertato;Inesploso
4832873;2;04/03/2020 19:20:00;Strada Urbana;LUNGOTEVERE GRANDE A.GLIO THAON DI REVEL;in corrispondenza;;del civico n.;1;;Tamponamento Multiplo;Rettilineo;Due carreggiate;Asciutto;Asfaltata;Verticale ed orizzontale;Sereno;Normale;Buona;Ore Diurne;0;0;0;5;12.464;41.9326;-1;2;Autovettura privata;In marcia / fermata / arresto;Conducente;M;Illeso;0;;Non accertato;Inesploso
4832873;2;04/03/2020 19:20:00;Strada Urbana;LUNGOTEVERE GRANDE A.GLIO THAON DI REVEL;in corrispondenza;;del civico n.;1;;Tamponamento Multiplo;Rettilineo;Due carreggiate;Asciutto;Asfaltata;Verticale ed orizzontale;Sereno;Normale;Buona;Ore Diurne;0;0;0;5;12.464;41.9326;-1;3;Autovettura privata;In marcia / fermata / arresto;Conducente;M;Illeso;0;;Non accertato;Inesploso
4832881;2;04/03/2020 21:30:00;Strada Urbana;VIALE GORIZIA;all'intersezione con;CORSO TRIESTE;CORSO TRIESTE;;;Veicolo in marcia contro ostacolo fisso;Intersezione stradale segnalata;Due carreggiate;Asciutto;Asfaltata;Verticale ed orizzontale;Sereno;Normale;Sufficiente;Sufficiente;0;0;0;1;12.5124;41.9196;-1;1;Autocarro inferiore 35 q.;In marcia / fermata / arresto;Conducente;M;Illeso;0;;Non accertato;Inesploso
4832885;2;04/03/2020 21:40:00;Strada Urbana;VIA DEI PRATI FISCALI;da specificare;;;;altezza ponte della ferrovia;Scontro laterale fra veicoli in marcia;Rettilineo;Due carreggiate;Asciutto;Asfaltata;Verticale ed orizzontale;Sereno;Normale;Sufficiente;Sufficiente;0;0;0;1;12.5165;41.9461;-1;1;Autovettura privata;In marcia / fermata / arresto;Conducente;M;Illeso;0;;Non accertato;Inesploso
4832892;1;05/03/2020 06:45:00;Strada Urbana;VIA VENTI SETTEMBRE;all'intersezione con;SALITA DI S. NICOLA DA TOLENTINO;SALITA DI S. NICOLA DA TOLENTINO;;;Tamponamento;Incrocio;Una carreggiata a doppio senso;Asciutto;Asfaltata;Verticale ed orizzontale;Sereno;Scarso;Buona;Ore Diurne;1;0;0;2;12.496;41.9056;-1;1;Veicolo speciale;In marcia / fermata / arresto;Conducente;M;Illeso;0;;;
4832892;1;05/03/2020 06:45:00;Strada Urbana;VIA VENTI SETTEMBRE;all'intersezione con;SALITA DI S. NICOLA DA TOLENTINO;SALITA DI S. NICOLA DA TOLENTINO;;;Tamponamento;Incrocio;Una carreggiata a doppio senso;Asciutto;Asfaltata;Verticale ed orizzontale;Sereno;Scarso;Buona;Ore Diurne;1;0;0;2;12.496;41.9056;-1;1;Veicolo speciale;In marcia / fermata / arresto;Passeggero;M;Illeso;0;;;
4832892;1;05/03/2020 06:45:00;Strada Urbana;VIA VENTI SETTEMBRE;all'intersezione con;SALITA DI S. NICOLA DA TOLENTINO;SALITA DI S. NICOLA DA TOLENTINO;;;Tamponamento;Incrocio;Una carreggiata a doppio senso;Asciutto;Asfaltata;Verticale ed orizzontale;Sereno;Scarso;Buona;Ore Diurne;1;0;0;2;12.496;41.9056;-1;2;Autovettura privata;In marcia / fermata / arresto;Conducente;M;Rimandato;0;NON DECEDUTO;;
4832932;23;05/03/2020 02:30:00;Strada Urbana;VIA TANCREDI CHIARALUCE;in prossimit�;;del palo luce n.;32;;Fuoriuscita dalla sede stradale;Rettilineo;Una carreggiata a doppio senso;Asciutto;Asfaltata;Verticale ed orizzontale;Sereno;Scarso;Buona;Sufficiente;1;0;0;0;12.2702;41.7471;0;1;Motociclo a solo;In marcia / fermata / arresto;Conducente;M;Rimandato;0;NON DECEDUTO;Non accertato;
4832974;1;05/03/2020 03:00:00;Strada Urbana;VIA DELLA CROCE;all'intersezione con;VIA BOCCA DI LEONE;VIA BOCCA DI LEONE;;;Scontro frontale/laterale SX fra veicoli in marcia;Incrocio;Una carreggiata a senso unico di marcia;Asciutto;In cubetti di porfido;Verticale;Nuvoloso;Scarso;Buona;Sufficiente;0;0;0;3;12.4799;41.9062;-1;1;Autovettura di polizia;In marcia / fermata / arresto;Conducente;M;Illeso;0;;;
4832974;1;05/03/2020 03:00:00;Strada Urbana;VIA DELLA CROCE;all'intersezione con;VIA BOCCA DI LEONE;VIA BOCCA DI LEONE;;;Scontro frontale/laterale SX fra veicoli in marcia;Incrocio;Una carreggiata a senso unico di marcia;Asciutto;In cubetti di porfido;Verticale;Nuvoloso;Scarso;Buona;Sufficiente;0;0;0;3;12.4799;41.9062;-1;1;Autovettura di polizia;In marcia / fermata / arresto;Passeggero;M;Illeso;0;;;
4832974;1;05/03/2020 03:00:00;Strada Urbana;VIA DELLA CROCE;all'intersezione con;VIA BOCCA DI LEONE;VIA BOCCA DI LEONE;;;Scontro frontale/laterale SX fra veicoli in marcia;Incrocio;Una carreggiata a senso unico di marcia;Asciutto;In cubetti di porfido;Verticale;Nuvoloso;Scarso;Buona;Sufficiente;0;0;0;3;12.4799;41.9062;-1;2;Velocipede;In marcia / fermata / arresto;Conducente;M;Illeso;0;;Esente;
4833026;1;05/03/2020 01:45:00;Strada Urbana;PASSEGGIATA DEL GIANICOLO;da specificare;;;;in pross. albero n. 69;Scontro laterale fra veicoli in marcia;Curva a visuale libera;Una carreggiata a doppio senso;Asciutto;Asfaltata;Verticale ed orizzontale;Nuvoloso;Scarso;Buona;Sufficiente;0;0;0;3;12.4606;41.8944;-1;1;Autovettura privata;In marcia / fermata / arresto;Conducente;M;Illeso;0;;;
4833026;1;05/03/2020 01:45:00;Strada Urbana;PASSEGGIATA DEL GIANICOLO;da specificare;;;;in pross. albero n. 69;Scontro laterale fra veicoli in marcia;Curva a visuale libera;Una carreggiata a doppio senso;Asciutto;Asfaltata;Verticale ed orizzontale;Nuvoloso;Scarso;Buona;Sufficiente;0;0;0;3;12.4606;41.8944;-1;1;Autovettura privata;In marcia / fermata / arresto;Passeggero;F;Illeso;0;;Non accertato;Inesploso
4833026;1;05/03/2020 01:45:00;Strada Urbana;PASSEGGIATA DEL GIANICOLO;da specificare;;;;in pross. albero n. 69;Scontro laterale fra veicoli in marcia;Curva a visuale libera;Una carreggiata a doppio senso;Asciutto;Asfaltata;Verticale ed orizzontale;Nuvoloso;Scarso;Buona;Sufficiente;0;0;0;3;12.4606;41.8944;-1;2;Autovettura privata;In marcia / fermata / arresto;Conducente;M;Illeso;0;;Non accertato;Inesploso
4833052;6;05/03/2020 11:00:00;Strada Urbana;VIA DI TOR PIGNATTARA;all'intersezione con;VIA GALEAZZO ALESSI;VIA GALEAZZO ALESSI;;;Scontro laterale fra veicoli in marcia;Incrocio;Una carreggiata a doppio senso;Asciutto;Asfaltata;Verticale ed orizzontale;Sereno;Normale;Buona;Ore Diurne;1;0;0;1;12.542;41.8792;-1;1;Autovettura privata;In marcia / fermata / arresto;Conducente;M;Illeso;0;;Non accertato;Inesistente
4833052;6;05/03/2020 11:00:00;Strada Urbana;VIA DI TOR PIGNATTARA;all'intersezione con;VIA GALEAZZO ALESSI;VIA GALEAZZO ALESSI;;;Scontro laterale fra veicoli in marcia;Incrocio;Una carreggiata a doppio senso;Asciutto;Asfaltata;Verticale ed orizzontale;Sereno;Normale;Buona;Ore Diurne;1;0;0;1;12.542;41.8792;-1;2;Motociclo a solo;In marcia / fermata / arresto;Conducente;M;Rifiuta cure immediate;0;NON DECEDUTO;Non accertato;
4833058;18;05/03/2020 09:00:00;Strada Urbana;VIA DI BOCCEA;in prossimit�;;del civico n.;87;;Ribaltamento senza urto contro ostacolo fisso;Rettilineo;Una carreggiata a senso unico di marcia;Asciutto;Asfaltata;Verticale ed orizzontale;Sereno;Intenso;Buona;Ore Diurne;1;0;0;0;12.4263;41.9016;-1;1;Motociclo a solo;In marcia / fermata / arresto;Conducente;M;Rifiuta cure immediate;0;NON DECEDUTO;;
4833060;9;04/03/2020 20:00:00;Strada Urbana;VIA PASSO CORESE;in prossimit�;;del civico n.;15;;Veicolo in marcia contro veicolo in sosta;Rettilineo;Una carreggiata a senso unico di marcia;Asciutto;Asfaltata;Assente;Sereno;Scarso;Buona;Sufficiente;0;0;0;0;12.5384;41.8672;-1;1;Autovettura privata;Sosta;;;;;;;
4833060;9;04/03/2020 20:00:00;Strada Urbana;VIA PASSO CORESE;in prossimit�;;del civico n.;15;;Veicolo in marcia contro veicolo in sosta;Rettilineo;Una carreggiata a senso unico di marcia;Asciutto;Asfaltata;Assente;Sereno;Scarso;Buona;Sufficiente;0;0;0;0;12.5384;41.8672;-1;2;Autovettura privata;Sosta;;;;;;;
4833060;9;04/03/2020 20:00:00;Strada Urbana;VIA PASSO CORESE;in prossimit�;;del civico n.;15;;Veicolo in marcia contro veicolo in sosta;Rettilineo;Una carreggiata a senso unico di marcia;Asciutto;Asfaltata;Assente;Sereno;Scarso;Buona;Sufficiente;0;0;0;0;12.5384;41.8672;-1;3;Autovettura privata;Allontanatosi;;;;;;;
4833075;1;04/03/2020 16:25:00;Strada Urbana;VIA LAMARMORA;da specificare;;;;fronte ingresso mercato n. 4;Scontro laterale fra veicoli in marcia;Rettilineo;Una carreggiata a senso unico di marcia;Asciutto;In cubetti di porfido;Verticale ed orizzontale;Nuvoloso;Scarso;Sufficiente;Ore Diurne;0;0;0;2;12.5069;41.8949;-1;1;Autovettura privata;In marcia / fermata / arresto;Conducente;F;Illeso;0;;;
4833075;1;04/03/2020 16:25:00;Strada Urbana;VIA LAMARMORA;da specificare;;;;fronte ingresso mercato n. 4;Scontro laterale fra veicoli in marcia;Rettilineo;Una carreggiata a senso unico di marcia;Asciutto;In cubetti di porfido;Verticale ed orizzontale;Nuvoloso;Scarso;Sufficiente;Ore Diurne;0;0;0;2;12.5069;41.8949;-1;2;Autovettura privata;In marcia / fermata / arresto;Conducente;M;Illeso;0;;;
4833146;1;04/03/2020 20:15:00;Strada Urbana;VIA GIUSEPPE ZANARDELLI;da specificare;;;;..;Scontro laterale fra veicoli in marcia;;;Asciutto;Asfaltata;Verticale ed orizzontale;Sereno;Normale;Buona;Sufficiente;0;0;0;2;;;0;1;Autovettura privata;In marcia / fermata / arresto;Conducente;M;Illeso;0;;;
4833146;1;04/03/2020 20:15:00;Strada Urbana;VIA GIUSEPPE ZANARDELLI;da specificare;;;;..;Scontro laterale fra veicoli in marcia;;;Asciutto;Asfaltata;Verticale ed orizzontale;Sereno;Normale;Buona;Sufficiente;0;0;0;2;;;0;2;Autovettura privata;In marcia / fermata / arresto;Conducente;M;Illeso;0;;;
4833176;3;04/03/2020 16:00:00;Strada Urbana;Tang Est dir San Giovanni;da specificare;;;;prossimit� fronte EASY BOX;Infortunio per caduta del veicolo;Rettilineo;Due carreggiate;Asciutto;Asfaltata;Verticale ed orizzontale;Nuvoloso;Intenso;Buona;Ore Diurne;2;0;0;1;12.5308;41.908;-1;1;Motociclo a solo;In marcia / fermata / arresto;Conducente;M;Rimandato;0;NON DECEDUTO;Non accertato;
4833176;3;04/03/2020 16:00:00;Strada Urbana;Tang Est dir San Giovanni;da specificare;;;;prossimit� fronte EASY BOX;Infortunio per caduta del veicolo;Rettilineo;Due carreggiate;Asciutto;Asfaltata;Verticale ed orizzontale;Nuvoloso;Intenso;Buona;Ore Diurne;2;0;0;1;12.5308;41.908;-1;2;Autocarro inferiore 35 q.;In marcia / fermata / arresto;Conducente;M;Rifiuta cure immediate;0;NON DECEDUTO;Non accertato;Inesploso
4833176;3;04/03/2020 16:00:00;Strada Urbana;Tang Est dir San Giovanni;da specificare;;;;prossimit� fronte EASY BOX;Infortunio per caduta del veicolo;Rettilineo;Due carreggiate;Asciutto;Asfaltata;Verticale ed orizzontale;Nuvoloso;Intenso;Buona;Ore Diurne;2;0;0;1;12.5308;41.908;-1;2;Autocarro inferiore 35 q.;In marcia / fermata / arresto;Passeggero;M;Illeso;0;;Non accertato;Inesploso
4833197;17;04/03/2020 16:20:00;Strada Urbana;VIA MARCANTONIO COLONNA;all'intersezione con;VIA POMPEO MAGNO;VIA POMPEO MAGNO;;;Scontro frontale/laterale SX fra veicoli in marcia;Intersezione stradale segnalata;Due carreggiate;Asciutto;Asfaltata;Verticale ed orizzontale;Nuvoloso;Normale;Buona;Ore Diurne;0;0;0;2;12.467;41.91;-1;1;Autovettura privata;In marcia / fermata / arresto;Conducente;F;Illeso;0;;;
4833197;17;04/03/2020 16:20:00;Strada Urbana;VIA MARCANTONIO COLONNA;all'intersezione con;VIA POMPEO MAGNO;VIA POMPEO MAGNO;;;Scontro frontale/laterale SX fra veicoli in marcia;Intersezione stradale segnalata;Due carreggiate;Asciutto;Asfaltata;Verticale ed orizzontale;Nuvoloso;Normale;Buona;Ore Diurne;0;0;0;2;12.467;41.91;-1;2;Autovettura privata;In marcia / fermata / arresto;Conducente;M;Illeso;0;;;
4833291;1;05/03/2020 11:35:00;Strada Urbana;VIA MILANO;all'intersezione con;VIA PALERMO;VIA PALERMO;;;Scontro laterale fra veicoli in marcia;Incrocio;Una carreggiata a senso unico di marcia;Asciutto;In cubetti di porfido;Verticale ed orizzontale;Nuvoloso;Normale;Buona;Ore Diurne;0;0;0;2;12.491;41.8982;-1;1;Autovettura privata;In marcia / fermata / arresto;Conducente;M;Illeso;0;;Non accertato;Inesploso
4833291;1;05/03/2020 11:35:00;Strada Urbana;VIA MILANO;all'intersezione con;VIA PALERMO;VIA PALERMO;;;Scontro laterale fra veicoli in marcia;Incrocio;Una carreggiata a senso unico di marcia;Asciutto;In cubetti di porfido;Verticale ed orizzontale;Nuvoloso;Normale;Buona;Ore Diurne;0;0;0;2;12.491;41.8982;-1;2;Autocarro inferiore 35 q.;In marcia / fermata / arresto;Conducente;M;Illeso;0;;;
4833323;11;05/03/2020 13:00:00;Strada Urbana;VIA OSTIENSE;in prossimit�;;del civico n.;40/A;;Scontro frontale/laterale SX fra veicoli in marcia;Sottopasso illuminato;Pi� di due carreggiate;Asciutto;Asfaltata;Verticale ed orizzontale;Nuvoloso;Normale;Buona;Sufficiente;1;0;0;1;12.4801;41.8734;-1;1;Autovettura privata;In marcia / fermata / arresto;Conducente;F;Illeso;0;;Utilizzato;Inesploso
4833323;11;05/03/2020 13:00:00;Strada Urbana;VIA OSTIENSE;in prossimit�;;del civico n.;40/A;;Scontro frontale/laterale SX fra veicoli in marcia;Sottopasso illuminato;Pi� di due carreggiate;Asciutto;Asfaltata;Verticale ed orizzontale;Nuvoloso;Normale;Buona;Sufficiente;1;0;0;1;12.4801;41.8734;-1;2;Altro;In marcia / fermata / arresto;Conducente;M;Rimandato;0;NON DECEDUTO;Non accertato;Inesistente
4833360;3;04/03/2020 14:40:00;Strada Urbana;LARGO SETTIMIO PASSAMONTI;da specificare;;;;altezza slargo delimitato parcheggio mura Verano;Scontro laterale fra veicoli in marcia;Rettilineo;Una carreggiata a senso unico di marcia;Asciutto;Asfaltata;Verticale ed orizzontale;Sereno;Normale;Buona;Ore Diurne;0;0;0;2;12.5212;41.8976;-1;1;Autovettura privata;In marcia / fermata / arresto;Conducente;M;Illeso;0;;Non accertato;Inesploso