Protocollo;Gruppo;DataOraIncidente;Localizzazione1;STRADA1;Localizzazione2;STRADA2;Strada02;Chilometrica;DaSpecificare;NaturaIncidente;particolaritastrade;TipoStrada;FondoStradale;Pavimentazione;Segnaletica;CondizioneAtmosferica;Traffico;Visibilita;Illuminazione;NUM_FERITI;NUM_RISERVATA;NUM_MORTI;NUM_ILLESI;Longitudine;Latitudine;Confermato;Progressivo;TipoVeicolo;StatoVeicolo;TipoPersona;Sesso;Tipolesione;Deceduto;DecedutoDopo;CinturaCascoUtilizzato;Airbag;
4839181;6;10/03/2020 06:50:00;Strada Urbana;VIA FRANCESCO FERRAIRONI;da specificare;;;;Alt. via M.U. Guattari ;Scontro frontale/laterale SX fra veicoli in marcia;Rettilineo;Una carreggiata a senso unico di marcia;Asciutto;Asfaltata;Verticale ed orizzontale;Sereno;Scarso;Buona;Ore Diurne;0;0;0;4;12.5573;41.8809;-1;2;Autocarro inferiore 35 q.;In marcia / fermata / arresto;Conducente;M;Illeso;0;;Non accertato;Inesploso
4839183;5;09/03/2020 11:20:00;Strada Urbana;VIA CASSINO;all'intersezione con;VIA TIBURTINA;VIA TIBURTINA;;;Tamponamento;Intersezione stradale segnalata;Due carreggiate;Asciutto;Asfaltata;Verticale ed orizzontale;Sereno;Normale;Buona;Ore Diurne;0;0;0;2;12.5641;41.921;-1;1;Autovettura privata;In marcia / fermata / arresto;Conducente;M;Illeso;0;;Non accertato;
4839183;5;09/03/2020 11:20:00;Strada Urbana;VIA CASSINO;all'intersezione con;VIA TIBURTINA;VIA TIBURTINA;;;Tamponamento;Intersezione stradale segnalata;Due carreggiate;Asciutto;Asfaltata;Verticale ed orizzontale;Sereno;Normale;Buona;Ore Diurne;0;0;0;2;12.5641;41.921;-1;2;Autovettura privata;In marcia / fermata / arresto;Conducente;F;Illeso;0;;Non accertato;
4839189;7;09/03/2020 02:00:00;Strada Urbana;VIA PRENESTINA;all'intersezione semaforizzata con;VIA GIROLAMO COCCONI;VIA GIROLAMO COCCONI;;;Scontro frontale/laterale SX fra veicoli in marcia;Intersezione semaforizzata;Due carreggiate;Asciutto;Asfaltata;Verticale ed orizzontale;Sereno;Scarso;Sufficiente;Sufficiente;0;0;0;1;12.5631;41.8948;-1;1;Autovettura privata;In marcia / fermata / arresto;Conducente;M;Illeso;0;;Non accertato;Inesploso
4839189;7;09/03/2020 02:00:00;Strada Urbana;VIA PRENESTINA;all'intersezione semaforizzata con;VIA GIROLAMO COCCONI;VIA GIROLAMO COCCONI;;;Scontro frontale/laterale SX fra veicoli in marcia;Intersezione semaforizzata;Due carreggiate;Asciutto;Asfaltata;Verticale ed orizzontale;Sereno;Scarso;Sufficiente;Sufficiente;0;0;0;1;12.5631;41.8948;-1;2;Velocipede;Allontanatosi;;;;;;;
4839212;17;09/03/2020 21:10:00;Strada Urbana;PIAZZALE MARESCIALLO GIARDINO;all'intersezione semaforizzata con;LUNGOTEVERE DELLA VITTORIA;LUNGOTEVERE DELLA VITTORIA;;;Tamponamento;Intersezione semaforizzata;Due carreggiate;Asciutto;Asfaltata;Verticale ed orizzontale;Nuvoloso;Scarso;Sufficiente;Sufficiente;0;0;0;2;12.4588;41.9241;-1;1;Autovettura privata;In marcia / fermata / arresto;Conducente;F;Illeso;0;;;
4839212;17;09/03/2020 21:10:00;Strada Urbana;PIAZZALE MARESCIALLO GIARDINO;all'intersezione semaforizzata con;LUNGOTEVERE DELLA VITTORIA;LUNGOTEVERE DELLA VITTORIA;;;Tamponamento;Intersezione semaforizzata;Due carreggiate;Asciutto;Asfaltata;Verticale ed orizzontale;Nuvoloso;Scarso;Sufficiente;Sufficiente;0;0;0;2;12.4588;41.9241;-1;2;Autovettura privata;In marcia / fermata / arresto;Conducente;F;Illeso;0;;;
4839215;10;09/03/2020 18:45:00;Strada Urbana;VIA ETRURIA;in corrispondenza;;del civico n.;79;;Veicolo in marcia contro veicolo in sosta;Rettilineo;Una carreggiata a senso unico di marcia;Asciutto;Asfaltata;Verticale;Sereno;Scarso;Buona;Sufficiente;1;0;0;0;12.5087;41.8799;-1;1;Motociclo a solo;In marcia / fermata / arresto;Conducente;M;Rimandato;0;NON DECEDUTO;Non accertato;
4839215;10;09/03/2020 18:45:00;Strada Urbana;VIA ETRURIA;in corrispondenza;;del civico n.;79;;Veicolo in marcia contro veicolo in sosta;Rettilineo;Una carreggiata a senso unico di marcia;Asciutto;Asfaltata;Verticale;Sereno;Scarso;Buona;Sufficiente;1;0;0;0;12.5087;41.8799;-1;2;Autovettura privata;Sosta;;;;;;;
4839217;12;09/03/2020 14:00:00;Strada Urbana;VIALE CRISTOFORO COLOMBO;da specificare;;;;altezza sottopasso V.le Marconi dir. ViaLaurentina;Scontro laterale fra veicoli in marcia;Sottopasso illuminato;Due carreggiate;Asciutto;Asfaltata;Verticale ed orizzontale;Sereno;Normale;Sufficiente;Ore Diurne;0;0;0;2;12.4781;41.8449;-1;1;Autovettura privata;In marcia / fermata / arresto;Conducente;F;Illeso;0;;Non accertato;Inesploso
4839217;12;09/03/2020 14:00:00;Strada Urbana;VIALE CRISTOFORO COLOMBO;da specificare;;;;altezza sottopasso V.le Marconi dir. ViaLaurentina;Scontro laterale fra veicoli in marcia;Sottopasso illuminato;Due carreggiate;Asciutto;Asfaltata;Verticale ed orizzontale;Sereno;Normale;Sufficiente;Ore Diurne;0;0;0;2;12.4781;41.8449;-1;2;Autovettura privata;In marcia / fermata / arresto;Conducente;F;Illeso;0;;Non accertato;Inesploso
4839218;13;09/03/2020 16:30:00;Strada Urbana;VIA UMBERTO CAGNI;in prossimit�;;del civico n.;38;;Scontro laterale fra veicoli in marcia;Rettilineo;Una carreggiata a doppio senso;Bagnato (pioggia);Asfaltata;Assente;Pioggia in atto;Scarso;Sufficiente;;0;0;0;3;12.2601;41.7368;-1;1;Autovettura privata;In marcia / fermata / arresto;Conducente;M;Illeso;0;;Non accertato;Inesploso
4839218;13;09/03/2020 16:30:00;Strada Urbana;VIA UMBERTO CAGNI;in prossimit�;;del civico n.;38;;Scontro laterale fra veicoli in marcia;Rettilineo;Una carreggiata a doppio senso;Bagnato (pioggia);Asfaltata;Assente;Pioggia in atto;Scarso;Sufficiente;;0;0;0;3;12.2601;41.7368;-1;1;Autovettura privata;In marcia / fermata / arresto;Passeggero;F;Illeso;0;;Non accertato;Inesploso
4839218;13;09/03/2020 16:30:00;Strada Urbana;VIA UMBERTO CAGNI;in prossimit�;;del civico n.;38;;Scontro laterale fra veicoli in marcia;Rettilineo;Una carreggiata a doppio senso;Bagnato (pioggia);Asfaltata;Assente;Pioggia in atto;Scarso;Sufficiente;;0;0;0;3;12.2601;41.7368;-1;2;Motociclo a solo;In marcia / fermata / arresto;Conducente;M;Illeso;0;;Non accertato;
4839218;13;09/03/2020 16:30:00;Strada Urbana;VIA UMBERTO CAGNI;in prossimit�;;del civico n.;38;;Scontro laterale fra veicoli in marcia;Rettilineo;Una carreggiata a doppio senso;Bagnato (pioggia);Asfaltata;Assente;Pioggia in atto;Scarso;Sufficiente;;0;0;0;3;12.2601;41.7368;-1;3;Autovettura privata;Sosta;;;;;;;
4839238;12;09/03/2020 13:10:00;Strada Urbana;VIA GIOVANNI ZIBORDI;in prossimit�;;del civico n.;9;;Veicolo in marcia contro veicoli in sosta;Rettilineo;Una carreggiata a doppio senso;Asciutto;Asfaltata;Verticale;Sereno;Scarso;Buona;Ore Diurne;0;0;0;1;12.4806;41.7631;-1;1;Autovettura privata;In marcia / fermata / arresto;Conducente;F;Illeso;0;;Utilizzato;Inesploso
4839238;12;09/03/2020 13:10:00;Strada Urbana;VIA GIOVANNI ZIBORDI;in prossimit�;;del civico n.;9;;Veicolo in marcia contro veicoli in sosta;Rettilineo;Una carreggiata a doppio senso;Asciutto;Asfaltata;Verticale;Sereno;Scarso;Buona;Ore Diurne;0;0;0;1;12.4806;41.7631;-1;2;Autovettura privata;Sosta;;;;;;;
4839238;12;09/03/2020 13:10:00;Strada Urbana;VIA GIOVANNI ZIBORDI;in prossimit�;;del civico n.;9;;Veicolo in marcia contro veicoli in sosta;Rettilineo;Una carreggiata a doppio senso;Asciutto;Asfaltata;Verticale;Sereno;Scarso;Buona;Ore Diurne;0;0;0;1;12.4806;41.7631;-1;3;Autovettura privata;Sosta;;;;;;;
4839277;7;09/03/2020 08:54:00;Strada Urbana;VIA EMILIO LONGONI;in corrispondenza;;del palo luce n.;70;;Scontro laterale fra veicoli in marcia;Rettilineo;Due carreggiate;Asciutto;Asfaltata;Verticale ed orizzontale;Nuvoloso;Normale;Buona;Ore Diurne;1;0;0;1;12.6035;41.8991;-1;1;Autovettura privata;In marcia / fermata / arresto;Conducente;M;Illeso;0;;Non accertato;Inesploso
4839277;7;09/03/2020 08:54:00;Strada Urbana;VIA EMILIO LONGONI;in corrispondenza;;del palo luce n.;70;;Scontro laterale fra veicoli in marcia;Rettilineo;Due carreggiate;Asciutto;Asfaltata;Verticale ed orizzontale;Nuvoloso;Normale;Buona;Ore Diurne;1;0;0;1;12.6035;41.8991;-1;2;Motociclo a solo;In marcia / fermata / arresto;Conducente;M;Rimandato;0;NON DECEDUTO;Non accertato;
4839285;4;09/03/2020 17:00:00;Strada Urbana;VIA SESTINO;in corrispondenza;;del civico n.;58;;Veicolo in marcia contro veicolo in sosta;Curva a visuale libera;Una carreggiata a doppio senso;Asciutto;Asfaltata;Verticale;Sereno;Scarso;Buona;Ore Diurne;0;0;0;0;12.511;41.9722;-1;1;Autovettura privata;Sosta;;;;;;;
4839285;4;09/03/2020 17:00:00;Strada Urbana;VIA SESTINO;in corrispondenza;;del civico n.;58;;Veicolo in marcia contro veicolo in sosta;Curva a visuale libera;Una carreggiata a doppio senso;Asciutto;Asfaltata;Verticale;Sereno;Scarso;Buona;Ore Diurne;0;0;0;0;12.511;41.9722;-1;2;Autocarro inferiore 35 q.;In marcia / fermata / arresto;;;;;;;
4839289;17;10/03/2020 00:20:00;Strada Urbana;PIAZZA DELLA LIBERTA';in corrispondenza;;del civico n.;20;;Veicolo in marcia contro veicoli in sosta;Curva a visuale libera;Una carreggiata a senso unico di marcia;Asciutto;Asfaltata;Verticale ed orizzontale;Sereno;Scarso;Sufficiente;Sufficiente;0;0;0;2;12.4709;41.9101;-1;1;Autovettura di polizia;In marcia / fermata / arresto;Conducente;M;Illeso;0;;;
4839289;17;10/03/2020 00:20:00;Strada Urbana;PIAZZA DELLA LIBERTA';in corrispondenza;;del civico n.;20;;Veicolo in marcia contro veicoli in sosta;Curva a visuale libera;Una carreggiata a senso unico di marcia;Asciutto;Asfaltata;Verticale ed orizzontale;Sereno;Scarso;Sufficiente;Sufficiente;0;0;0;2;12.4709;41.9101;-1;1;Autovettura di polizia;In marcia / fermata / arresto;Passeggero;M;Illeso;0;;;
4839289;17;10/03/2020 00:20:00;Strada Urbana;PIAZZA DELLA LIBERTA';in corrispondenza;;del civico n.;20;;Veicolo in marcia contro veicoli in sosta;Curva a visuale libera;Una carreggiata a senso unico di marcia;Asciutto;Asfaltata;Verticale ed orizzontale;Sereno;Scarso;Sufficiente;Sufficiente;0;0;0;2;12.4709;41.9101;-1;2;Autovettura privata;Sosta;;;;;;;
4839289;17;10/03/2020 00:20:00;Strada Urbana;PIAZZA DELLA LIBERTA';in corrispondenza;;del civico n.;20;;Veicolo in marcia contro veicoli in sosta;Curva a visuale libera;Una carreggiata a senso unico di marcia;Asciutto;Asfaltata;Verticale ed orizzontale;Sereno;Scarso;Sufficiente;Sufficiente;0;0;0;2;12.4709;41.9101;-1;3;Autovettura privata;Sosta;;;;;;;
4839306;13;09/03/2020 22:20:00;Strada Urbana;VIA VINCENZO VANNUTELLI;in prossimit�;;del civico n.;12;;Veicolo in marcia contro ostacolo fisso;Rettilineo;Una carreggiata a senso unico di marcia;Bagnato (umidit� in atto);Asfaltata;Verticale ed orizzontale;Nuvoloso;Scarso;Buona;Sufficiente;0;0;0;2;12.2812;41.7327;-1;1;Autovettura privata;In marcia / fermata / arresto;Conducente;M;Illeso;0;;Non accertato;
4839306;13;09/03/2020 22:20:00;Strada Urbana;VIA VINCENZO VANNUTELLI;in prossimit�;;del civico n.;12;;Veicolo in marcia contro ostacolo fisso;Rettilineo;Una carreggiata a senso unico di marcia;Bagnato (umidit� in atto);Asfaltata;Verticale ed orizzontale;Nuvoloso;Scarso;Buona;Sufficiente;0;0;0;2;12.2812;41.7327;-1;1;Autovettura privata;In marcia / fermata / arresto;Passeggero;M;Illeso;0;;;
4839366;26;02/03/2020 18:15:00;Strada Urbana;PIAZZA DELL'ARA COELI;da specificare;;;;altezza scalinata del campidoglio;Investimento di pedone;Rettilineo;Una carreggiata a senso unico di marcia;Bagnato (pioggia);In cubetti di porfido;Verticale ed orizzontale;Pioggia in atto;Normale;Buona;Sufficiente;0;0;0;4;12.481;41.8945;-1;;;;Pedone;F;Illeso;0;;;
4839366;26;02/03/2020 18:15:00;Strada Urbana;PIAZZA DELL'ARA COELI;da specificare;;;;altezza scalinata del campidoglio;Investimento di pedone;Rettilineo;Una carreggiata a senso unico di marcia;Bagnato (pioggia);In cubetti di porfido;Verticale ed orizzontale;Pioggia in atto;Normale;Buona;Sufficiente;0;0;0;4;12.481;41.8945;-1;;;;Pedone;F;Illeso;0;;;
4839366;26;02/03/2020 18:15:00;Strada Urbana;PIAZZA DELL'ARA COELI;da specificare;;;;altezza scalinata del campidoglio;Investimento di pedone;Rettilineo;Una carreggiata a senso unico di marcia;Bagnato (pioggia);In cubetti di porfido;Verticale ed orizzontale;Pioggia in atto;Normale;Buona;Sufficiente;0;0;0;4;12.481;41.8945;-1;1;Autovettura privata;In marcia / fermata / arresto;Conducente;M;Illeso;0;;;
4839366;26;02/03/2020 18:15:00;Strada Urbana;PIAZZA DELL'ARA COELI;da specificare;;;;altezza scalinata del campidoglio;Investimento di pedone;Rettilineo;Una carreggiata a senso unico di marcia;Bagnato (pioggia);In cubetti di porfido;Verticale ed orizzontale;Pioggia in atto;Normale;Buona;Sufficiente;0;0;0;4;12.481;41.8945;-1;1;Autovettura privata;In marcia / fermata / arresto;Passeggero;F;Illeso;0;;Non accertato;
4839420;1;07/03/2020 00:25:00;Strada Urbana;PIAZZALE DELLE MEDAGLIE D'ORO;all'intersezione semaforizzata con;PIAZZALE DEGLI EROI;PIAZZALE DEGLI EROI;;;Infortunio per sola frenata improvvisa;Intersezione semaforizzata;Una carreggiata a doppio senso;Asciutto;Asfaltata;Verticale ed orizzontale;Sereno;Scarso;Sufficiente;Sufficiente;1;0;0;2;12.4468;41.9237;-1;1;Motociclo a solo;In marcia / fermata / arresto;Conducente;M;Rimandato;0;NON DECEDUTO;Non accertato;
4839420;1;07/03/2020 00:25:00;Strada Urbana;PIAZZALE DELLE MEDAGLIE D'ORO;all'intersezione semaforizzata con;PIAZZALE DEGLI EROI;PIAZZALE DEGLI EROI;;;Infortunio per sola frenata improvvisa;Intersezione semaforizzata;Una carreggiata a doppio senso;Asciutto;Asfaltata;Verticale ed orizzontale;Sereno;Scarso;Sufficiente;Sufficiente;1;0;0;2;12.4468;41.9237;-1;2;Autovettura privata;In marcia / fermata / arresto;Conducente;M;Illeso;0;;Non accertato;Inesploso
4839420;1;07/03/2020 00:25:00;Strada Urbana;PIAZZALE DELLE MEDAGLIE D'ORO;all'intersezione semaforizzata con;PIAZZALE DEGLI EROI;PIAZZALE DEGLI EROI;;;Infortunio per sola frenata improvvisa;Intersezione semaforizzata;Una carreggiata a doppio senso;Asciutto;Asfaltata;Verticale ed orizzontale;Sereno;Scarso;Sufficiente;Sufficiente;1;0;0;2;12.4468;41.9237;-1;2;Autovettura privata;In marcia / fermata / arresto;Passeggero;F;Illeso;0;;Non accertato;Inesploso
4839457;19;09/03/2020 08:30:00;Strada Urbana;VIA DELLA PINETA SACCHETTI;in corrispondenza;;del civico n.;215 a;;Tamponamento;Rettilineo;Due carreggiate;Asciutto;Asfaltata;Verticale ed orizzontale;Sereno;Normale;Buona;Ore Diurne;0;0;0;2;12.4271;41.929;-1;1;Autovettura privata;In marcia / fermata / arresto;Conducente;M;Illeso;0;;Non accertato;Inesploso
4839457;19;09/03/2020 08:30:00;Strada Urbana;VIA DELLA PINETA SACCHETTI;in corrispondenza;;del civico n.;215 a;;Tamponamento;Rettilineo;Due carreggiate;Asciutto;Asfaltata;Verticale ed orizzontale;Sereno;Normale;Buona;Ore Diurne;0;0;0;2;12.4271;41.929;-1;2;Autovettura privata;In marcia / fermata / arresto;Conducente;M;Illeso;0;;Non accertato;Inesploso
4839462;1;07/03/2020 12:15:00;Strada Urbana;VIA ANTONIO CECCHI;all'intersezione con;LUNGOTEVERE TESTACCIO;LUNGOTEVERE TESTACCIO;;;Scontro frontale/laterale DX fra veicoli in marcia;Incrocio;Una carreggiata a doppio senso;Asciutto;Asfaltata;Verticale ed orizzontale;Sereno;Normale;Buona;Ore Diurne;2;0;0;1;12.475;41.8823;-1;1;Autovettura privata;In marcia / fermata / arresto;Conducente;M;Illeso;0;;Non accertato;Inesploso
4839462;1;07/03/2020 12:15:00;Strada Urbana;VIA ANTONIO CECCHI;all'intersezione con;LUNGOTEVERE TESTACCIO;LUNGOTEVERE TESTACCIO;;;Scontro frontale/laterale DX fra veicoli in marcia;Incrocio;Una carreggiata a doppio senso;Asciutto;Asfaltata;Verticale ed orizzontale;Sereno;Normale;Buona;Ore Diurne;2;0;0;1;12.475;41.8823;-1;2;Motociclo con passeggero;In marcia / fermata / arresto;Conducente;M;Rimandato;0;NON DECEDUTO;Non accertato;
4839462;1;07/03/2020 12:15:00;Strada Urbana;VIA ANTONIO CECCHI;all'intersezione con;LUNGOTEVERE TESTACCIO;LUNGOTEVERE TESTACCIO;;;Scontro frontale/laterale DX fra veicoli in marcia;Incrocio;Una carreggiata a doppio senso;Asciutto;Asfaltata;Verticale ed orizzontale;Sereno;Normale;Buona;Ore Diurne;2;0;0;1;12.475;41.8823;-1;2;Motociclo con passeggero;In marcia / fermata / arresto;Passeggero;F;Rimandato;0;NON DECEDUTO;Non accertato;
4839474;19;09/03/2020 13:50:00;Strada Urbana;VIA ROMEO RODRIGUEZ PEREIRA;in corrispondenza;;del civico n.;15;;Tamponamento;Rettilineo;Una carreggiata a doppio senso;Asciutto;Asfaltata;Verticale ed orizzontale;Nuvoloso;Normale;Buona;Ore Diurne;0;0;0;1;12.4397;41.9137;-1;1;Autovettura privata;In marcia / fermata / arresto;Conducente;M;Illeso;0;;Non accertato;Inesploso
4839474;19;09/03/2020 13:50:00;Strada Urbana;VIA ROMEO RODRIGUEZ PEREIRA;in corrispondenza;;del civico n.;15;;Tamponamento;Rettilineo;Una carreggiata a doppio senso;Asciutto;Asfaltata;Verticale ed orizzontale;Nuvoloso;Normale;Buona;Ore Diurne;0;0;0;1;12.4397;41.9137;-1;2;Motociclo a solo;Allontanatosi;;;;;;;
4839501;1;08/03/2020 00:20:00;Strada Urbana;PIAZZA VITTORIO EMANUELE II;in corrispondenza;;del palo luce n.;25;;Scontro frontale fra veicoli in marcia;Rettilineo;Una carreggiata a doppio senso;Asciutto;Asfaltata;Verticale;Sereno;Scarso;Sufficiente;Sufficiente;2;0;0;5;12.5025;41.895;-1;1;Autovettura privata;In marcia / fermata / arresto;Conducente;M;Illeso;0;;;
4839501;1;08/03/2020 00:20:00;Strada Urbana;PIAZZA VITTORIO EMANUELE II;in corrispondenza;;del palo luce n.;25;;Scontro frontale fra veicoli in marcia;Rettilineo;Una carreggiata a doppio senso;Asciutto;Asfaltata;Verticale;Sereno;Scarso;Sufficiente;Sufficiente;2;0;0;5;12.5025;41.895;-1;1;Autovettura privata;In marcia / fermata / arresto;Passeggero;F;Illeso;0;;;
4839501;1;08/03/2020 00:20:00;Strada Urbana;PIAZZA VITTORIO EMANUELE II;in corrispondenza;;del palo luce n.;25;;Scontro frontale fra veicoli in marcia;Rettilineo;Una carreggiata a doppio senso;Asciutto;Asfaltata;Verticale;Sereno;Scarso;Sufficiente;Sufficiente;2;0;0;5;12.5025;41.895;-1;1;Autovettura privata;In marcia / fermata / arresto;Passeggero;F;Rifiuta cure immediate;0;NON DECEDUTO;;
4839501;1;08/03/2020 00:20:00;Strada Urbana;PIAZZA VITTORIO EMANUELE II;in corrispondenza;;del palo luce n.;25;;Scontro frontale fra veicoli in marcia;Rettilineo;Una carreggiata a doppio senso;Asciutto;Asfaltata;Verticale;Sereno;Scarso;Sufficiente;Sufficiente;2;0;0;5;12.5025;41.895;-1;2;Autovettura privata;In marcia / fermata / arresto;Conducente;M;Illeso;0;;;
4839501;1;08/03/2020 00:20:00;Strada Urbana;PIAZZA VITTORIO EMANUELE II;in corrispondenza;;del palo luce n.;25;;Scontro frontale fra veicoli in marcia;Rettilineo;Una carreggiata a doppio senso;Asciutto;Asfaltata;Verticale;Sereno;Scarso;Sufficiente;Sufficiente;2;0;0;5;12.5025;41.895;-1;2;Autovettura privata;In marcia / fermata / arresto;Passeggero;M;Illeso;0;;;
4839501;1;08/03/2020 00:20:00;Strada Urbana;PIAZZA VITTORIO EMANUELE II;in corrispondenza;;del palo luce n.;25;;Scontro frontale fra veicoli in marcia;Rettilineo;Una carreggiata a doppio senso;Asciutto;Asfaltata;Verticale;Sereno;Scarso;Sufficiente;Sufficiente;2;0;0;5;12.5025;41.895;-1;2;Autovettura privata;In marcia / fermata / arresto;Passeggero;F;Illeso;0;;;
4839501;1;08/03/2020 00:20:00;Strada Urbana;PIAZZA VITTORIO EMANUELE II;in corrispondenza;;del palo luce n.;25;;Scontro frontale fra veicoli in marcia;Rettilineo;Una carreggiata a doppio senso;Asciutto;Asfaltata;Verticale;Sereno;Scarso;Sufficiente;Sufficiente;2;0;0;5;12.5025;41.895;-1;2;Autovettura privata;In marcia / fermata / arresto;Passeggero;F;Rifiuta cure immediate;0;NON DECEDUTO;;
4839516;1;09/03/2020 12:00:00;Strada Urbana;VIA TORINO;all'intersezione con;VIA DEL VIMINALE;VIA DEL VIMINALE;;;Scontro frontale/laterale DX fra veicoli in marcia;Incrocio;Una carreggiata a senso unico di marcia;Asciutto;Asfaltata;Verticale ed orizzontale;Sereno;Scarso;Buona;Ore Diurne;1;0;0;1;12.4962;41.9005;-1;1;Autovettura di polizia;In marcia / fermata / arresto;Conducente;M;Illeso;0;;Non accertato;Inesploso
4839516;1;09/03/2020 12:00:00;Strada Urbana;VIA TORINO;all'intersezione con;VIA DEL VIMINALE;VIA DEL VIMINALE;;;Scontro frontale/laterale DX fra veicoli in marcia;Incrocio;Una carreggiata a senso unico di marcia;Asciutto;Asfaltata;Verticale ed orizzontale;Sereno;Scarso;Buona;Ore Diurne;1;0;0;1;12.4962;41.9005;-1;2;Motociclo a solo;In marcia / fermata / arresto;Conducente;M;Rimandato;0;NON DECEDUTO;Non accertato;
4839516;1;09/03/2020 12:00:00;Strada Urbana;VIA TORINO;all'intersezione con;VIA DEL VIMINALE;VIA DEL VIMINALE;;;Scontro frontale/laterale DX fra veicoli in marcia;Incrocio;Una carreggiata a senso unico di marcia;Asciutto;Asfaltata;Verticale ed orizzontale;Sereno;Scarso;Buona;Ore Diurne;1;0;0;1;12.4962;41.9005;-1;3;Autovettura privata;Sosta;;;;;;;
4839575;23;09/03/2020 20:15:00;Strada Urbana;VIA OSTIENSE;all'intersezione con;VIA FIUMALBO;VIA FIUMALBO;;;Scontro laterale fra veicoli in marcia;Intersezione stradale segnalata;Una carreggiata a doppio senso;Asciutto;Asfaltata;Orizzontale;Sereno;Scarso;Sufficiente;Sufficiente;0;0;0;2;12.3944;41.7939;-1;1;Autovettura privata;In marcia / fermata / arresto;Conducente;M;Illeso;0;;Non accertato;Inesploso
4839575;23;09/03/2020 20:15:00;Strada Urbana;VIA OSTIENSE;all'intersezione con;VIA FIUMALBO;VIA FIUMALBO;;;Scontro laterale fra veicoli in marcia;Intersezione stradale segnalata;Una carreggiata a doppio senso;Asciutto;Asfaltata;Orizzontale;Sereno;Scarso;Sufficiente;Sufficiente;0;0;0;2;12.3944;41.7939;-1;2;Autovettura privata;In marcia / fermata / arresto;Conducente;M;Illeso;0;;Non accertato;Inesploso
4839585;1;09/03/2020 11:15:00;Strada Urbana;VIALE DEL MONTE OPPIO;all'intersezione con;VIA DELLE TERME DI TRAIANO;VIA DELLE TERME DI TRAIANO;;;Scontro frontale/laterale DX fra veicoli in marcia;Incrocio;Una carreggiata a doppio senso;Asciutto;Asfaltata;Assente;Sereno;Normale;Buona;Ore Diurne;0;0;0;2;12.4974;41.8935;-1;1;Autovettura privata;In marcia / fermata / arresto;Conducente;M;Illeso;0;;;
4839585;1;09/03/2020 11:15:00;Strada Urbana;VIALE DEL MONTE OPPIO;all'intersezione con;VIA DELLE TERME DI TRAIANO;VIA DELLE TERME DI TRAIANO;;;Scontro frontale/laterale DX fra veicoli in marcia;Incrocio;Una carreggiata a doppio senso;Asciutto;Asfaltata;Assente;Sereno;Normale;Buona;Ore Diurne;0;0;0;2;12.4974;41.8935;-1;2;Autovettura privata;In marcia / fermata / arresto;Conducente;F;Illeso;0;;;
4839615;1;09/03/2020 17:45:00;Strada Urbana;VIALE DELLA PIRAMIDE CESTIA;in corrispondenza;;del civico n.;19;;Tamponamento;Rettilineo;Due carreggiate;Asciutto;In cubetti di porfido;Verticale ed orizzontale;Nuvoloso;Normale;Buona;Ore Diurne;0;0;0;3;12.4829;41.8787;-1;1;Autovettura privata;In marcia / fermata / arresto;Conducente;M;Illeso;0;;;
4839615;1;09/03/2020 17:45:00;Strada Urbana;VIALE DELLA PIRAMIDE CESTIA;in corrispondenza;;del civico n.;19;;Tamponamento;Rettilineo;Due carreggiate;Asciutto;In cubetti di porfido;Verticale ed orizzontale;Nuvoloso;Normale;Buona;Ore Diurne;0;0;0;3;12.4829;41.8787;-1;1;Autovettura privata;In marcia / fermata / arresto;Passeggero;M;Illeso;0;;;
4839615;1;09/03/2020 17:45:00;Strada Urbana;VIALE DELLA PIRAMIDE CESTIA;in corrispondenza;;del civico n.;19;;Tamponamento;Rettilineo;Due carreggiate;Asciutto;In cubetti di porfido;Verticale ed orizzontale;Nuvoloso;Normale;Buona;Ore Diurne;0;0;0;3;12.4829;41.8787;-1;2;Autovettura privata;In marcia / fermata / arresto;Conducente;M;Illeso;0;;;
4839618;6;10/03/2020 11:40:00;Strada Urbana;VIA DI TOR PIGNATTARA;in corrispondenza;;del civico n.;39;;Investimento di pedone;Rettilineo;Una carreggiata a doppio senso;Asciutto;Asfaltata;Orizzontale;Sereno;Normale;Buona;Ore Diurne;1;0;0;1;12.5422;41.8793;-1;;;;Pedone;F;Rimandato;0;NON DECEDUTO;;
4839618;6;10/03/2020 11:40:00;Strada Urbana;VIA DI TOR PIGNATTARA;in corrispondenza;;del civico n.;39;;Investimento di pedone;Rettilineo;Una carreggiata a doppio senso;Asciutto;Asfaltata;Orizzontale;Sereno;Normale;Buona;Ore Diurne;1;0;0;1;12.5422;41.8793;-1;1;Autovettura privata;In marcia / fermata / arresto;Conducente;M;Illeso;0;;Non accertato;Inesploso
4839630;3;05/03/2020 18:30:00;Strada Urbana;VIA LAZZARO SPALLANZANI;da specificare;;;;fronte civico 9;Veicolo in marcia contro ostacolo fisso;Rettilineo;Una carreggiata a doppio senso;Bagnato (pioggia);Asfaltata;Verticale ed orizzontale;Nuvoloso;Normale;Buona;Sufficiente;0;0;0;1;12.5121;41.9113;-1;1;Macchina operatrice;In marcia / fermata / arresto;Conducente;M;Illeso;0;;;