Protocollo;Gruppo;DataOraIncidente;Localizzazione1;STRADA1;Localizzazione2;STRADA2;Strada02;Chilometrica;DaSpecificare;NaturaIncidente;particolaritastrade;TipoStrada;FondoStradale;Pavimentazione;Segnaletica;CondizioneAtmosferica;Traffico;Visibilita;Illuminazione;NUM_FERITI;NUM_RISERVATA;NUM_MORTI;NUM_ILLESI;Longitudine;Latitudine;Confermato;Progressivo;TipoVeicolo;StatoVeicolo;TipoPersona;Sesso;Tipolesione;Deceduto;DecedutoDopo;CinturaCascoUtilizzato;Airbag;
4840572;12;10/03/2020 14:10:00;Provinciale entro l'abitato;VIA LAURENTINA;all'intersezione semaforizzata con;VIA DI ACQUA ACETOSA OSTIENSE;VIA DI ACQUA ACETOSA OSTIENSE;;;Scontro frontale/laterale DX fra veicoli in marcia;Intersezione semaforizzata;Due carreggiate;Asciutto;Asfaltata;Verticale ed orizzontale;Sereno;Normale;Buona;Ore Diurne;0;0;0;2;12.4812;41.8014;-1;1;Autovettura privata;In marcia / fermata / arresto;Conducente;F;Illeso;0;;Utilizzato;Esploso
4840572;12;10/03/2020 14:10:00;Provinciale entro l'abitato;VIA LAURENTINA;all'intersezione semaforizzata con;VIA DI ACQUA ACETOSA OSTIENSE;VIA DI ACQUA ACETOSA OSTIENSE;;;Scontro frontale/laterale DX fra veicoli in marcia;Intersezione semaforizzata;Due carreggiate;Asciutto;Asfaltata;Verticale ed orizzontale;Sereno;Normale;Buona;Ore Diurne;0;0;0;2;12.4812;41.8014;-1;2;Autovettura privata;In marcia / fermata / arresto;Conducente;F;Illeso;0;;;
4840593;17;10/03/2020 21:35:00;Strada Urbana;PIAZZALE DEGLI EROI;all'intersezione semaforizzata con;CIRCONVALLAZIONE TRIONFALE;CIRCONVALLAZIONE TRIONFALE;;;Veicolo in marcia contro ostacolo fisso;Intersezione semaforizzata;Due carreggiate;Asciutto;Asfaltata;Verticale ed orizzontale;Sereno;Scarso;Sufficiente;Sufficiente;0;0;0;3;12.449;41.9093;-1;1;Autovettura di polizia;In marcia / fermata / arresto;Conducente;M;Illeso;0;;;
4840593;17;10/03/2020 21:35:00;Strada Urbana;PIAZZALE DEGLI EROI;all'intersezione semaforizzata con;CIRCONVALLAZIONE TRIONFALE;CIRCONVALLAZIONE TRIONFALE;;;Veicolo in marcia contro ostacolo fisso;Intersezione semaforizzata;Due carreggiate;Asciutto;Asfaltata;Verticale ed orizzontale;Sereno;Scarso;Sufficiente;Sufficiente;0;0;0;3;12.449;41.9093;-1;1;Autovettura di polizia;In marcia / fermata / arresto;Passeggero;M;Illeso;0;;;
4840593;17;10/03/2020 21:35:00;Strada Urbana;PIAZZALE DEGLI EROI;all'intersezione semaforizzata con;CIRCONVALLAZIONE TRIONFALE;CIRCONVALLAZIONE TRIONFALE;;;Veicolo in marcia contro ostacolo fisso;Intersezione semaforizzata;Due carreggiate;Asciutto;Asfaltata;Verticale ed orizzontale;Sereno;Scarso;Sufficiente;Sufficiente;0;0;0;3;12.449;41.9093;-1;1;Autovettura di polizia;In marcia / fermata / arresto;Passeggero;M;Illeso;0;;;
4840622;7;10/03/2020 14:40:00;Strada Urbana;VIA DELLA RUSTICA;in prossimit�;;del civico n.;221;;Veicolo in marcia contro ostacolo fisso;Rettilineo;Una carreggiata a doppio senso;Asciutto;Asfaltata;Verticale ed orizzontale;Sereno;Normale;Buona;Ore Diurne;1;0;0;0;12.6077;41.9128;-1;1;Velocipede;In marcia / fermata / arresto;Conducente;M;Rimandato;0;NON DECEDUTO;Esente;
4840635;10;11/03/2020 08:40:00;Strada Urbana;VIA TUSCOLANA;all'intersezione semaforizzata con;VIALE GIULIO AGRICOLA;VIALE GIULIO AGRICOLA;;;Scontro laterale fra veicoli in marcia;Intersezione semaforizzata;Due carreggiate;Asciutto;Asfaltata;Verticale ed orizzontale;Sereno;Normale;Buona;Ore Diurne;0;0;0;2;12.5626;41.8565;-1;1;Veicolo speciale;In marcia / fermata / arresto;Conducente;M;Illeso;0;;Non accertato;Inesploso
4840635;10;11/03/2020 08:40:00;Strada Urbana;VIA TUSCOLANA;all'intersezione semaforizzata con;VIALE GIULIO AGRICOLA;VIALE GIULIO AGRICOLA;;;Scontro laterale fra veicoli in marcia;Intersezione semaforizzata;Due carreggiate;Asciutto;Asfaltata;Verticale ed orizzontale;Sereno;Normale;Buona;Ore Diurne;0;0;0;2;12.5626;41.8565;-1;2;Autovettura privata;In marcia / fermata / arresto;Conducente;F;Illeso;0;;Non accertato;Inesploso
4840656;7;10/03/2020 17:00:00;Strada Urbana;VIALE PALMIRO TOGLIATTI;in corrispondenza;;del civico n.;953;;Scontro laterale fra veicoli in marcia;Rettilineo;Due carreggiate;Asciutto;Asfaltata;Verticale ed orizzontale;Sereno;Scarso;Buona;Ore Diurne;1;0;0;1;12.5741;41.8925;-1;1;Autovettura privata;In marcia / fermata / arresto;Conducente;M;Illeso;0;;Non accertato;Inesploso
4840656;7;10/03/2020 17:00:00;Strada Urbana;VIALE PALMIRO TOGLIATTI;in corrispondenza;;del civico n.;953;;Scontro laterale fra veicoli in marcia;Rettilineo;Due carreggiate;Asciutto;Asfaltata;Verticale ed orizzontale;Sereno;Scarso;Buona;Ore Diurne;1;0;0;1;12.5741;41.8925;-1;2;Motociclo a solo;In marcia / fermata / arresto;Conducente;M;Rimandato;0;NON DECEDUTO;Non accertato;
4840689;12;11/03/2020 07:45:00;Provinciale;VIA LAURENTINA;da specificare;;;;(ROTATORIA) PROSS. VIA DI VALLERANO;Scontro laterale fra veicoli in marcia;Rotatoria;Una carreggiata a senso unico di marcia;Asciutto;Asfaltata;Verticale ed orizzontale;Sereno;Normale;Buona;Ore Diurne;0;0;0;2;12.4856;41.8103;-1;1;Autovettura privata;In marcia / fermata / arresto;Conducente;F;Illeso;0;;Non accertato;Inesploso
4840689;12;11/03/2020 07:45:00;Provinciale;VIA LAURENTINA;da specificare;;;;(ROTATORIA) PROSS. VIA DI VALLERANO;Scontro laterale fra veicoli in marcia;Rotatoria;Una carreggiata a senso unico di marcia;Asciutto;Asfaltata;Verticale ed orizzontale;Sereno;Normale;Buona;Ore Diurne;0;0;0;2;12.4856;41.8103;-1;2;Autovettura privata;In marcia / fermata / arresto;Conducente;M;Illeso;0;;Non accertato;Inesploso
4840784;2;09/03/2020 20:10:00;Strada Urbana;VIALE ROMANIA;in corrispondenza;;del civico n.;23;;Veicolo in marcia contro ostacolo fisso;Rettilineo;Una carreggiata a doppio senso;Asciutto;Asfaltata;Verticale ed orizzontale;Nuvoloso;Scarso;Sufficiente;Sufficiente;0;0;0;1;12.4928;41.9243;-1;1;Motociclo a solo;In marcia / fermata / arresto;Conducente;M;Illeso;0;;Non accertato;
4840787;2;10/03/2020 17:30:00;Strada Urbana;LUNGOTEVERE ARNALDO DA BRESCIA;in prossimit�;;del civico n.;fr.15;;Scontro laterale fra veicoli in marcia;Rettilineo;Due carreggiate;Asciutto;Asfaltata;Verticale ed orizzontale;Sereno;Normale;Buona;Ore Diurne;0;0;0;2;12.4721;41.9145;-1;1;Autovettura privata;In marcia / fermata / arresto;Conducente;M;Illeso;0;;Non accertato;Inesploso
4840787;2;10/03/2020 17:30:00;Strada Urbana;LUNGOTEVERE ARNALDO DA BRESCIA;in prossimit�;;del civico n.;fr.15;;Scontro laterale fra veicoli in marcia;Rettilineo;Due carreggiate;Asciutto;Asfaltata;Verticale ed orizzontale;Sereno;Normale;Buona;Ore Diurne;0;0;0;2;12.4721;41.9145;-1;2;Autovettura privata;In marcia / fermata / arresto;Conducente;M;Illeso;0;;Non accertato;Inesploso
4840808;2;10/03/2020 10:50:00;Strada Urbana;PIAZZA DI S. EMERENZIANA;all'intersezione con;VIA NEMORENSE;VIA NEMORENSE;;;Scontro laterale fra veicoli in marcia;Incrocio;Due carreggiate;Asciutto;Asfaltata;Verticale ed orizzontale;Sereno;Scarso;Buona;Ore Diurne;0;0;0;3;12.5161;41.9291;-1;1;Autovettura privata;In marcia / fermata / arresto;Conducente;M;Illeso;0;;Non accertato;Inesploso
4840808;2;10/03/2020 10:50:00;Strada Urbana;PIAZZA DI S. EMERENZIANA;all'intersezione con;VIA NEMORENSE;VIA NEMORENSE;;;Scontro laterale fra veicoli in marcia;Incrocio;Due carreggiate;Asciutto;Asfaltata;Verticale ed orizzontale;Sereno;Scarso;Buona;Ore Diurne;0;0;0;3;12.5161;41.9291;-1;2;Autovettura privata;In marcia / fermata / arresto;Conducente;M;Illeso;0;;Non accertato;Inesploso
4840808;2;10/03/2020 10:50:00;Strada Urbana;PIAZZA DI S. EMERENZIANA;all'intersezione con;VIA NEMORENSE;VIA NEMORENSE;;;Scontro laterale fra veicoli in marcia;Incrocio;Due carreggiate;Asciutto;Asfaltata;Verticale ed orizzontale;Sereno;Scarso;Buona;Ore Diurne;0;0;0;3;12.5161;41.9291;-1;2;Autovettura privata;In marcia / fermata / arresto;Passeggero;M;Illeso;0;;Non accertato;Inesploso
4840817;12;10/03/2020 17:00:00;Strada Urbana;VIA BRUNO DE FINETTI;in prossimit�;;del civico n.;400;;Veicolo in marcia contro ostacolo fisso;Rettilineo;Due carreggiate;Asciutto;Asfaltata;Verticale ed orizzontale;Sereno;Scarso;Buona;Sufficiente;0;0;0;1;12.489;41.7937;-1;1;Autovettura privata;In marcia / fermata / arresto;Conducente;M;Illeso;0;;Utilizzato;Inesploso
4840826;12;10/03/2020 15:30:00;Strada Urbana;VIA CRISTOFORO COLOMBO;da specificare;;;;ALT. PALO ACEA 380 SVINCOLO V.LE AGRICOLTURA ;Scontro laterale fra veicoli in marcia;Rettilineo;Pi� di due carreggiate;Asciutto;Asfaltata;Verticale ed orizzontale;Sereno;Normale;Buona;Ore Diurne;1;0;0;2;12.4536;41.8089;-1;1;Autovettura privata;In marcia / fermata / arresto;Conducente;M;Illeso;0;;Non accertato;Inesploso
4840826;12;10/03/2020 15:30:00;Strada Urbana;VIA CRISTOFORO COLOMBO;da specificare;;;;ALT. PALO ACEA 380 SVINCOLO V.LE AGRICOLTURA ;Scontro laterale fra veicoli in marcia;Rettilineo;Pi� di due carreggiate;Asciutto;Asfaltata;Verticale ed orizzontale;Sereno;Normale;Buona;Ore Diurne;1;0;0;2;12.4536;41.8089;-1;1;Autovettura privata;In marcia / fermata / arresto;Passeggero;F;Illeso;0;;Non accertato;Inesploso
4840826;12;10/03/2020 15:30:00;Strada Urbana;VIA CRISTOFORO COLOMBO;da specificare;;;;ALT. PALO ACEA 380 SVINCOLO V.LE AGRICOLTURA ;Scontro laterale fra veicoli in marcia;Rettilineo;Pi� di due carreggiate;Asciutto;Asfaltata;Verticale ed orizzontale;Sereno;Normale;Buona;Ore Diurne;1;0;0;2;12.4536;41.8089;-1;2;Motociclo a solo;In marcia / fermata / arresto;Conducente;M;Rimandato;0;NON DECEDUTO;Utilizzato;
4840829;17;10/03/2020 10:00:00;Strada Urbana;VIA TOMMASO CAMPANELLA;all'intersezione con;VIA PIETRO GIANNONE;VIA PIETRO GIANNONE;;;Scontro laterale fra veicoli in marcia;Incrocio;Una carreggiata a senso unico di marcia;Asciutto;Asfaltata;Verticale ed orizzontale;Sereno;Normale;Buona;Ore Diurne;0;0;0;3;12.4516;41.9106;-1;1;Autovettura privata;In marcia / fermata / arresto;Conducente;F;Illeso;0;;;
4840829;17;10/03/2020 10:00:00;Strada Urbana;VIA TOMMASO CAMPANELLA;all'intersezione con;VIA PIETRO GIANNONE;VIA PIETRO GIANNONE;;;Scontro laterale fra veicoli in marcia;Incrocio;Una carreggiata a senso unico di marcia;Asciutto;Asfaltata;Verticale ed orizzontale;Sereno;Normale;Buona;Ore Diurne;0;0;0;3;12.4516;41.9106;-1;2;Autovettura privata;In marcia / fermata / arresto;Conducente;F;Illeso;0;;;
4840829;17;10/03/2020 10:00:00;Strada Urbana;VIA TOMMASO CAMPANELLA;all'intersezione con;VIA PIETRO GIANNONE;VIA PIETRO GIANNONE;;;Scontro laterale fra veicoli in marcia;Incrocio;Una carreggiata a senso unico di marcia;Asciutto;Asfaltata;Verticale ed orizzontale;Sereno;Normale;Buona;Ore Diurne;0;0;0;3;12.4516;41.9106;-1;2;Autovettura privata;In marcia / fermata / arresto;Passeggero;F;Illeso;0;;;
4840851;16;10/03/2020 10:08:00;Strada Urbana;VIA DEL CASALE LUMBROSO;all'intersezione con;VIA ALESSANDRO SANTINI;VIA ALESSANDRO SANTINI;;;Scontro frontale fra veicoli in marcia;Incrocio;Una carreggiata a doppio senso;Asciutto;Asfaltata;Verticale ed orizzontale;Sereno;Normale;Buona;Ore Diurne;1;0;0;1;12.3601;41.8671;-1;1;Autocarro inferiore 35 q.;In marcia / fermata / arresto;Conducente;M;Illeso;0;;Non accertato;Inesploso
4840851;16;10/03/2020 10:08:00;Strada Urbana;VIA DEL CASALE LUMBROSO;all'intersezione con;VIA ALESSANDRO SANTINI;VIA ALESSANDRO SANTINI;;;Scontro frontale fra veicoli in marcia;Incrocio;Una carreggiata a doppio senso;Asciutto;Asfaltata;Verticale ed orizzontale;Sereno;Normale;Buona;Ore Diurne;1;0;0;1;12.3601;41.8671;-1;2;Motociclo a solo;In marcia / fermata / arresto;Conducente;M;Rimandato;0;NON DECEDUTO;Non accertato;
4840877;1;10/03/2020 19:05:00;Strada Urbana;PIAZZA DI PORTA S. GIOVANNI;da specificare;;;;ingresso capolinea bus atac;Veicolo in marcia contro veicolo arresto;Rettilineo;Una carreggiata a doppio senso;Asciutto;Asfaltata;Verticale ed orizzontale;Sereno;Scarso;Buona;Sufficiente;0;0;0;3;12.5079;41.8865;-1;1;Autobus urbano;In marcia / fermata / arresto;Conducente;M;Illeso;0;;;
4840877;1;10/03/2020 19:05:00;Strada Urbana;PIAZZA DI PORTA S. GIOVANNI;da specificare;;;;ingresso capolinea bus atac;Veicolo in marcia contro veicolo arresto;Rettilineo;Una carreggiata a doppio senso;Asciutto;Asfaltata;Verticale ed orizzontale;Sereno;Scarso;Buona;Sufficiente;0;0;0;3;12.5079;41.8865;-1;2;Altro;In marcia / fermata / arresto;Conducente;M;Illeso;0;;;
4840877;1;10/03/2020 19:05:00;Strada Urbana;PIAZZA DI PORTA S. GIOVANNI;da specificare;;;;ingresso capolinea bus atac;Veicolo in marcia contro veicolo arresto;Rettilineo;Una carreggiata a doppio senso;Asciutto;Asfaltata;Verticale ed orizzontale;Sereno;Scarso;Buona;Sufficiente;0;0;0;3;12.5079;41.8865;-1;2;Altro;In marcia / fermata / arresto;Passeggero;M;Illeso;0;;;
4840878;16;10/03/2020 11:55:00;Strada Urbana;VIA LEONE XIII;da specificare;;;;in prossimit� fronte palo ACEA n. 10;Tamponamento;Rettilineo;Due carreggiate;Asciutto;Asfaltata;Verticale ed orizzontale;Sereno;Normale;Buona;Ore Diurne;0;0;0;4;12.4404;41.8869;-1;1;Autovettura privata;In marcia / fermata / arresto;Conducente;F;Illeso;0;;Non accertato;Inesploso
4840878;16;10/03/2020 11:55:00;Strada Urbana;VIA LEONE XIII;da specificare;;;;in prossimit� fronte palo ACEA n. 10;Tamponamento;Rettilineo;Due carreggiate;Asciutto;Asfaltata;Verticale ed orizzontale;Sereno;Normale;Buona;Ore Diurne;0;0;0;4;12.4404;41.8869;-1;2;Autovettura privata;In marcia / fermata / arresto;Conducente;M;Illeso;0;;Non accertato;Inesploso
4840878;16;10/03/2020 11:55:00;Strada Urbana;VIA LEONE XIII;da specificare;;;;in prossimit� fronte palo ACEA n. 10;Tamponamento;Rettilineo;Due carreggiate;Asciutto;Asfaltata;Verticale ed orizzontale;Sereno;Normale;Buona;Ore Diurne;0;0;0;4;12.4404;41.8869;-1;2;Autovettura privata;In marcia / fermata / arresto;Passeggero;F;Illeso;0;;Non accertato;Inesploso
4840878;16;10/03/2020 11:55:00;Strada Urbana;VIA LEONE XIII;da specificare;;;;in prossimit� fronte palo ACEA n. 10;Tamponamento;Rettilineo;Due carreggiate;Asciutto;Asfaltata;Verticale ed orizzontale;Sereno;Normale;Buona;Ore Diurne;0;0;0;4;12.4404;41.8869;-1;2;Autovettura privata;In marcia / fermata / arresto;Passeggero;M;Illeso;0;;Non accertato;Inesploso
4840882;16;10/03/2020 18:35:00;Strada Urbana;VIA DEL FONTANILE ARENATO;all'intersezione con;VIA DI BRAVETTA;VIA DI BRAVETTA;;;Investimento di pedone;Intersezione stradale segnalata;Una carreggiata a senso unico di marcia;Asciutto;Asfaltata;Verticale ed orizzontale;Sereno;Scarso;Insufficiente;Sufficiente;1;0;0;2;12.4166;41.8836;-1;;;;Pedone;M;Rimandato;0;NON DECEDUTO;;
4840882;16;10/03/2020 18:35:00;Strada Urbana;VIA DEL FONTANILE ARENATO;all'intersezione con;VIA DI BRAVETTA;VIA DI BRAVETTA;;;Investimento di pedone;Intersezione stradale segnalata;Una carreggiata a senso unico di marcia;Asciutto;Asfaltata;Verticale ed orizzontale;Sereno;Scarso;Insufficiente;Sufficiente;1;0;0;2;12.4166;41.8836;-1;1;Autovettura privata;In marcia / fermata / arresto;Conducente;M;Illeso;0;;Non accertato;Inesploso
4840882;16;10/03/2020 18:35:00;Strada Urbana;VIA DEL FONTANILE ARENATO;all'intersezione con;VIA DI BRAVETTA;VIA DI BRAVETTA;;;Investimento di pedone;Intersezione stradale segnalata;Una carreggiata a senso unico di marcia;Asciutto;Asfaltata;Verticale ed orizzontale;Sereno;Scarso;Insufficiente;Sufficiente;1;0;0;2;12.4166;41.8836;-1;1;Autovettura privata;In marcia / fermata / arresto;Passeggero;F;Illeso;0;;Non accertato;Inesploso
4840946;1;11/03/2020 10:15:00;Strada Urbana;PIAZZA DI PORTA CAPENA;da specificare;;;;fronte altezza monumento torri gemelle;Scontro laterale fra veicoli in marcia;Curva a visuale libera;Due carreggiate;Asciutto;Asfaltata;Verticale ed orizzontale;Sereno;Scarso;Buona;Ore Diurne;0;0;0;5;12.4904;41.8835;-1;1;Autovettura privata;In marcia / fermata / arresto;Conducente;M;Illeso;0;;;
4840946;1;11/03/2020 10:15:00;Strada Urbana;PIAZZA DI PORTA CAPENA;da specificare;;;;fronte altezza monumento torri gemelle;Scontro laterale fra veicoli in marcia;Curva a visuale libera;Due carreggiate;Asciutto;Asfaltata;Verticale ed orizzontale;Sereno;Scarso;Buona;Ore Diurne;0;0;0;5;12.4904;41.8835;-1;1;Autovettura privata;In marcia / fermata / arresto;Passeggero;M;Illeso;0;;;
4840946;1;11/03/2020 10:15:00;Strada Urbana;PIAZZA DI PORTA CAPENA;da specificare;;;;fronte altezza monumento torri gemelle;Scontro laterale fra veicoli in marcia;Curva a visuale libera;Due carreggiate;Asciutto;Asfaltata;Verticale ed orizzontale;Sereno;Scarso;Buona;Ore Diurne;0;0;0;5;12.4904;41.8835;-1;1;Autovettura privata;In marcia / fermata / arresto;Passeggero;F;Illeso;0;;;
4840946;1;11/03/2020 10:15:00;Strada Urbana;PIAZZA DI PORTA CAPENA;da specificare;;;;fronte altezza monumento torri gemelle;Scontro laterale fra veicoli in marcia;Curva a visuale libera;Due carreggiate;Asciutto;Asfaltata;Verticale ed orizzontale;Sereno;Scarso;Buona;Ore Diurne;0;0;0;5;12.4904;41.8835;-1;2;Autovettura privata;In marcia / fermata / arresto;Conducente;M;Illeso;0;;;
4840946;1;11/03/2020 10:15:00;Strada Urbana;PIAZZA DI PORTA CAPENA;da specificare;;;;fronte altezza monumento torri gemelle;Scontro laterale fra veicoli in marcia;Curva a visuale libera;Due carreggiate;Asciutto;Asfaltata;Verticale ed orizzontale;Sereno;Scarso;Buona;Ore Diurne;0;0;0;5;12.4904;41.8835;-1;2;Autovettura privata;In marcia / fermata / arresto;Passeggero;F;Illeso;0;;;
4841052;17;10/03/2020 16:30:00;Strada Urbana;LARGO TRIONFALE;all'intersezione semaforizzata con;VIA ANDREA DORIA;VIA ANDREA DORIA;;;Scontro frontale/laterale DX fra veicoli in marcia;Incrocio;Una carreggiata a doppio senso;Asciutto;Asfaltata;Verticale ed orizzontale;Sereno;Scarso;Buona;Ore Diurne;1;0;0;1;12.4546;41.9107;-1;1;Autovettura privata;In marcia / fermata / arresto;Conducente;F;Illeso;0;;;
4841052;17;10/03/2020 16:30:00;Strada Urbana;LARGO TRIONFALE;all'intersezione semaforizzata con;VIA ANDREA DORIA;VIA ANDREA DORIA;;;Scontro frontale/laterale DX fra veicoli in marcia;Incrocio;Una carreggiata a doppio senso;Asciutto;Asfaltata;Verticale ed orizzontale;Sereno;Scarso;Buona;Ore Diurne;1;0;0;1;12.4546;41.9107;-1;2;Velocipede;In marcia / fermata / arresto;Conducente;M;Rimandato;0;NON DECEDUTO;Esente;
4841179;9;11/03/2020 10:20:00;Strada Urbana;VIA NOCERA UMBRA;all'intersezione con;VIA GUALDO TADINO;VIA GUALDO TADINO;;;Scontro frontale/laterale DX fra veicoli in marcia;Intersezione stradale segnalata;Due carreggiate;Asciutto;Asfaltata;Verticale ed orizzontale;Sereno;Normale;Buona;Ore Diurne;2;0;0;1;12.5274;41.8774;-1;1;Autovettura privata;In marcia / fermata / arresto;Conducente;M;Illeso;0;;Non accertato;Inesploso
4841179;9;11/03/2020 10:20:00;Strada Urbana;VIA NOCERA UMBRA;all'intersezione con;VIA GUALDO TADINO;VIA GUALDO TADINO;;;Scontro frontale/laterale DX fra veicoli in marcia;Intersezione stradale segnalata;Due carreggiate;Asciutto;Asfaltata;Verticale ed orizzontale;Sereno;Normale;Buona;Ore Diurne;2;0;0;1;12.5274;41.8774;-1;2;Motociclo con passeggero;In marcia / fermata / arresto;Conducente;M;Rimandato;0;NON DECEDUTO;Non accertato;
4841179;9;11/03/2020 10:20:00;Strada Urbana;VIA NOCERA UMBRA;all'intersezione con;VIA GUALDO TADINO;VIA GUALDO TADINO;;;Scontro frontale/laterale DX fra veicoli in marcia;Intersezione stradale segnalata;Due carreggiate;Asciutto;Asfaltata;Verticale ed orizzontale;Sereno;Normale;Buona;Ore Diurne;2;0;0;1;12.5274;41.8774;-1;2;Motociclo con passeggero;In marcia / fermata / arresto;Passeggero;F;Rimandato;0;NON DECEDUTO;Non accertato;
4841245;1;10/03/2020 12:30:00;Strada Urbana;VIA DELLE MANTELLATE;all'intersezione con;VIA DELLA LUNGARA;VIA DELLA LUNGARA;;;Veicolo in marcia contro veicolo in sosta;Incrocio;Una carreggiata a doppio senso;Asciutto;Acciotolata;Verticale ed orizzontale;Sereno;Scarso;Buona;Ore Diurne;0;0;0;1;12.4648;41.8961;-1;1;Autovettura privata;In marcia / fermata / arresto;Conducente;M;Illeso;0;;Non accertato;Inesploso
4841245;1;10/03/2020 12:30:00;Strada Urbana;VIA DELLE MANTELLATE;all'intersezione con;VIA DELLA LUNGARA;VIA DELLA LUNGARA;;;Veicolo in marcia contro veicolo in sosta;Incrocio;Una carreggiata a doppio senso;Asciutto;Acciotolata;Verticale ed orizzontale;Sereno;Scarso;Buona;Ore Diurne;0;0;0;1;12.4648;41.8961;-1;2;Autovettura di polizia;Sosta;;;;;;;
4841261;1;11/03/2020 12:30:00;Strada Urbana;VIA STATILIA;in prossimit�;;del civico n.;11;;Tamponamento;Rettilineo;Una carreggiata a doppio senso;Asciutto;In cubetti di porfido;Verticale ed orizzontale;Sereno;Normale;Buona;Ore Diurne;1;0;0;1;12.5107;41.8901;-1;1;Autovettura privata;In marcia / fermata / arresto;Conducente;F;Rimandato;0;NON DECEDUTO;Non accertato;Inesploso
4841261;1;11/03/2020 12:30:00;Strada Urbana;VIA STATILIA;in prossimit�;;del civico n.;11;;Tamponamento;Rettilineo;Una carreggiata a doppio senso;Asciutto;In cubetti di porfido;Verticale ed orizzontale;Sereno;Normale;Buona;Ore Diurne;1;0;0;1;12.5107;41.8901;-1;2;Autovettura privata;In marcia / fermata / arresto;Conducente;F;Illeso;0;;Non accertato;Inesploso
4841290;6;11/03/2020 07:00:00;Strada Urbana;VIA DI ACQUA BULLICANTE;in corrispondenza;;del civico n.;80;;Veicolo in marcia contro veicolo in sosta;Rettilineo;Una carreggiata a doppio senso;Asciutto;Asfaltata;Verticale ed orizzontale;Sereno;Scarso;Buona;Ore Diurne;0;0;0;1;12.5434;41.8839;-1;1;Autovettura privata;In marcia / fermata / arresto;Conducente;M;Illeso;0;;;
4841290;6;11/03/2020 07:00:00;Strada Urbana;VIA DI ACQUA BULLICANTE;in corrispondenza;;del civico n.;80;;Veicolo in marcia contro veicolo in sosta;Rettilineo;Una carreggiata a doppio senso;Asciutto;Asfaltata;Verticale ed orizzontale;Sereno;Scarso;Buona;Ore Diurne;0;0;0;1;12.5434;41.8839;-1;2;Autovettura privata;Sosta;;;;;;;
4841413;6;11/03/2020 09:00:00;Strada Urbana;VIA DI CENTOCELLE;in corrispondenza;;del civico n.;514;;Veicolo in marcia contro veicolo fermo;Rettilineo;Una carreggiata a senso unico di marcia;Asciutto;Asfaltata;Verticale;Sereno;Scarso;Buona;Ore Diurne;0;0;0;2;12.5538;41.8656;-1;1;Autocarro inferiore 35 q.;In marcia / fermata / arresto;Conducente;M;Illeso;0;;Non accertato;Inesploso
4841413;6;11/03/2020 09:00:00;Strada Urbana;VIA DI CENTOCELLE;in corrispondenza;;del civico n.;514;;Veicolo in marcia contro veicolo fermo;Rettilineo;Una carreggiata a senso unico di marcia;Asciutto;Asfaltata;Verticale;Sereno;Scarso;Buona;Ore Diurne;0;0;0;2;12.5538;41.8656;-1;2;Autovettura privata;In marcia / fermata / arresto;Conducente;F;Illeso;0;;Non accertato;Inesploso
4841495;19;10/03/2020 09:10:00;Strada Urbana;VIA FEDERICO BORROMEO;all'intersezione con;VIA NICOLO' ALBERGATI;VIA NICOLO' ALBERGATI;;;Scontro frontale/laterale DX fra veicoli in marcia;Incrocio;Una carreggiata a doppio senso;Asciutto;Asfaltata;Verticale ed orizzontale;Sereno;Normale;Buona;Ore Diurne;0;0;0;2;12.4155;41.9201;-1;1;Autovettura privata;In marcia / fermata / arresto;Conducente;M;Illeso;0;;Non accertato;Inesploso
4841495;19;10/03/2020 09:10:00;Strada Urbana;VIA FEDERICO BORROMEO;all'intersezione con;VIA NICOLO' ALBERGATI;VIA NICOLO' ALBERGATI;;;Scontro frontale/laterale DX fra veicoli in marcia;Incrocio;Una carreggiata a doppio senso;Asciutto;Asfaltata;Verticale ed orizzontale;Sereno;Normale;Buona;Ore Diurne;0;0;0;2;12.4155;41.9201;-1;2;Autovettura privata;In marcia / fermata / arresto;Conducente;M;Illeso;0;;Non accertato;Inesploso
4841499;15;11/03/2020 12:15:00;Strada Urbana;VIA DELLA MAGLIANA;all'intersezione con;VIA LUIGI CANDONI;VIA LUIGI CANDONI;;;Scontro laterale fra veicoli in marcia;Incrocio;Una carreggiata a doppio senso;Asciutto;Asfaltata;Assente;Sereno;Normale;Buona;Ore Diurne;0;0;0;3;12.4196;41.8317;-1;1;Autovettura privata;In marcia / fermata / arresto;Conducente;M;Illeso;0;;Non accertato;Inesploso
4841499;15;11/03/2020 12:15:00;Strada Urbana;VIA DELLA MAGLIANA;all'intersezione con;VIA LUIGI CANDONI;VIA LUIGI CANDONI;;;Scontro laterale fra veicoli in marcia;Incrocio;Una carreggiata a doppio senso;Asciutto;Asfaltata;Assente;Sereno;Normale;Buona;Ore Diurne;0;0;0;3;12.4196;41.8317;-1;1;Autovettura privata;In marcia / fermata / arresto;Passeggero;F;Illeso;0;;Non accertato;Inesploso
4841499;15;11/03/2020 12:15:00;Strada Urbana;VIA DELLA MAGLIANA;all'intersezione con;VIA LUIGI CANDONI;VIA LUIGI CANDONI;;;Scontro laterale fra veicoli in marcia;Incrocio;Una carreggiata a doppio senso;Asciutto;Asfaltata;Assente;Sereno;Normale;Buona;Ore Diurne;0;0;0;3;12.4196;41.8317;-1;2;Autovettura privata;In marcia / fermata / arresto;Conducente;F;Illeso;0;;Non accertato;Inesploso